onset	duration	volume	type	value
0	n/a	1	Pulse	50
2	n/a	2	Pulse	50
4	n/a	3	Pulse	50
4.308	n/a	3.154	Picture	WOORDEN
6	n/a	4	Pulse	50
6.026	n/a	4.013	Picture	blank
8	n/a	5	Pulse	50
8.042	n/a	5.021	Picture	FIX 3761
9.816	n/a	5.908	Sound	14 Start File 874.wav
9.87	n/a	5.935	Nothing	7 Audio onset
10	n/a	6	Pulse	50
11.222	n/a	6.611	Nothing	8 Target
12	n/a	7	Pulse	50
14	n/a	8	Pulse	50
16	n/a	9	Pulse	50
17.904	n/a	9.952	Nothing	15 End of file
17.924	n/a	9.962	Picture	blank
18	n/a	10	Pulse	50
19.942	n/a	10.971	Picture	FIX 3517
20	n/a	11	Pulse	50
21.482	n/a	11.741	Sound	14 Start File 568.wav
21.516	n/a	11.758	Nothing	3 Audio onset
22	n/a	12	Pulse	50
24	n/a	13	Pulse	50
26	n/a	14	Pulse	50
26.004	n/a	14.002	Nothing	4 Target
28	n/a	15	Pulse	50
30	n/a	16	Pulse	50
30.414	n/a	16.207	Nothing	15 End of file
30.442	n/a	16.221	Picture	blank
32	n/a	17	Pulse	50
32.458	n/a	17.229	Picture	FIX 3471
33.938	n/a	17.969	Sound	14 Start File 865.wav
33.994	n/a	17.997	Nothing	7 Audio onset
34	n/a	18	Pulse	50
35.654	n/a	18.827	Nothing	8 Target
36	n/a	19	Pulse	50
38	n/a	20	Pulse	50
40	n/a	21	Pulse	50
41.976	n/a	21.988	Nothing	15 End of file
42	n/a	22	Pulse	50
42.008	n/a	22.004	Picture	blank
44	n/a	23	Pulse	50
44.024	n/a	23.012	Picture	FIX 3365
45.392	n/a	23.696	Sound	14 Start File 888.wav
45.5	n/a	23.75	Nothing	7 Audio onset
46	n/a	24	Pulse	50
48	n/a	25	Pulse	50
50	n/a	26	Pulse	50
51.542	n/a	26.771	Nothing	8 Target
52	n/a	27	Pulse	50
53.654	n/a	27.827	Nothing	15 End of file
53.674	n/a	27.837	Picture	blank
54	n/a	28	Pulse	50
55.69	n/a	28.845	Picture	FIX 3676
56	n/a	29	Pulse	50
57.374	n/a	29.687	Sound	14 Start File 729.wav
57.45	n/a	29.725	Nothing	7 Audio onset
58	n/a	30	Pulse	50
60	n/a	31	Pulse	50
60.928	n/a	31.464	Nothing	8 Target
62	n/a	32	Pulse	50
63.63	n/a	32.815	Nothing	15 End of file
64	n/a	33	Pulse	50
64.622	n/a	33.311	Picture	QUESTION 729
65.71	n/a	33.855	Response	2
66	n/a	34	Pulse	50
66.022	n/a	34.011	Picture	ZINNEN
67.74	n/a	34.87	Picture	blank
68	n/a	35	Pulse	50
69.756	n/a	35.878	Picture	FIX 3431
70	n/a	36	Pulse	50
71.186	n/a	36.593	Sound	14 Start File 119.wav
71.25	n/a	36.625	Nothing	1 Audio onset
72	n/a	37	Pulse	50
72.272	n/a	37.136	Nothing	2 Target
74	n/a	38	Pulse	50
75.39	n/a	38.695	Nothing	15 End of file
75.406	n/a	38.703	Picture	blank
76	n/a	39	Pulse	50
77.422	n/a	39.711	Picture	FIX 3534
78	n/a	40	Pulse	50
78.964	n/a	40.482	Sound	14 Start File 310.wav
79.028	n/a	40.514	Nothing	5 Audio onset
80	n/a	41	Pulse	50
80.086	n/a	41.043	Nothing	6 Target
82	n/a	42	Pulse	50
82.568	n/a	42.284	Nothing	15 End of file
82.588	n/a	42.294	Picture	blank
84	n/a	43	Pulse	50
84.606	n/a	43.303	Picture	FIX 3612
86	n/a	44	Pulse	50
86.22	n/a	44.11	Sound	14 Start File 048.wav
86.28	n/a	44.14	Nothing	1 Audio onset
87.794	n/a	44.897	Nothing	2 Target
88	n/a	45	Pulse	50
90	n/a	46	Pulse	50
90.342	n/a	46.171	Nothing	15 End of file
90.354	n/a	46.177	Picture	blank
92	n/a	47	Pulse	50
92.372	n/a	47.186	Picture	FIX 3511
93.886	n/a	47.943	Sound	14 Start File 203.wav
93.942	n/a	47.971	Nothing	1 Audio onset
94	n/a	48	Pulse	50
96	n/a	49	Pulse	50
97.082	n/a	49.541	Nothing	2 Target
98	n/a	50	Pulse	50
98.628	n/a	50.314	Nothing	15 End of file
98.654	n/a	50.327	Picture	blank
100	n/a	51	Pulse	50
100.67	n/a	51.335	Picture	FIX 3790
102	n/a	52	Pulse	50
102.45	n/a	52.225	Sound	14 Start File 204.wav
102.52	n/a	52.26	Nothing	1 Audio onset
103.858	n/a	52.929	Nothing	2 Target
104	n/a	53	Pulse	50
106	n/a	54	Pulse	50
106.496	n/a	54.248	Nothing	15 End of file
106.802	n/a	54.401	Picture	WOORDEN
108	n/a	55	Pulse	50
108.52	n/a	55.26	Picture	blank
110	n/a	56	Pulse	50
110.538	n/a	56.269	Picture	FIX 3831
112	n/a	57	Pulse	50
112.376	n/a	57.188	Sound	14 Start File 717.wav
112.444	n/a	57.222	Nothing	7 Audio onset
114	n/a	58	Pulse	50
116	n/a	59	Pulse	50
117.334	n/a	59.667	Nothing	8 Target
118	n/a	60	Pulse	50
119.646	n/a	60.823	Nothing	15 End of file
119.67	n/a	60.835	Picture	blank
120	n/a	61	Pulse	50
121.686	n/a	61.843	Picture	FIX 3558
122	n/a	62	Pulse	50
123.254	n/a	62.627	Sound	14 Start File 886.wav
123.324	n/a	62.662	Nothing	7 Audio onset
124	n/a	63	Pulse	50
126	n/a	64	Pulse	50
127.552	n/a	64.776	Nothing	8 Target
128	n/a	65	Pulse	50
129.528	n/a	65.764	Nothing	15 End of file
129.552	n/a	65.776	Picture	blank
130	n/a	66	Pulse	50
131.57	n/a	66.785	Picture	FIX 3818
132	n/a	67	Pulse	50
133.4	n/a	67.7	Sound	14 Start File 504.wav
133.466	n/a	67.733	Nothing	3 Audio onset
134	n/a	68	Pulse	50
136	n/a	69	Pulse	50
136.2	n/a	69.1	Nothing	4 Target
138	n/a	70	Pulse	50
140	n/a	71	Pulse	50
140.724	n/a	71.362	Nothing	15 End of file
140.736	n/a	71.368	Picture	blank
142	n/a	72	Pulse	50
142.752	n/a	72.376	Picture	FIX 3617
144	n/a	73	Pulse	50
144.376	n/a	73.188	Sound	14 Start File 774.wav
144.454	n/a	73.227	Nothing	7 Audio onset
146	n/a	74	Pulse	50
148	n/a	75	Pulse	50
150	n/a	76	Pulse	50
150.394	n/a	76.197	Nothing	8 Target
152	n/a	77	Pulse	50
153.176	n/a	77.588	Nothing	15 End of file
153.202	n/a	77.601	Picture	blank
154	n/a	78	Pulse	50
155.218	n/a	78.609	Picture	FIX 4016
156	n/a	79	Pulse	50
157.244	n/a	79.622	Sound	14 Start File 710.wav
157.314	n/a	79.657	Nothing	7 Audio onset
158	n/a	80	Pulse	50
160	n/a	81	Pulse	50
161.338	n/a	81.669	Nothing	8 Target
162	n/a	82	Pulse	50
164	n/a	83	Pulse	50
164.728	n/a	83.364	Nothing	15 End of file
165.05	n/a	83.525	Picture	ZINNEN
166	n/a	84	Pulse	50
166.768	n/a	84.384	Picture	blank
168	n/a	85	Pulse	50
168.784	n/a	85.392	Picture	FIX 3891
170	n/a	86	Pulse	50
170.686	n/a	86.343	Sound	14 Start File 399.wav
170.738	n/a	86.369	Nothing	5 Audio onset
172	n/a	87	Pulse	50
174	n/a	88	Pulse	50
174.496	n/a	88.248	Nothing	6 Target
176	n/a	89	Pulse	50
176.052	n/a	89.026	Nothing	15 End of file
176.068	n/a	89.034	Picture	blank
178	n/a	90	Pulse	50
178.084	n/a	90.042	Picture	FIX 3515
179.598	n/a	90.799	Sound	14 Start File 186.wav
179.644	n/a	90.822	Nothing	1 Audio onset
180	n/a	91	Pulse	50
182	n/a	92	Pulse	50
182.476	n/a	92.238	Nothing	2 Target
183.564	n/a	92.782	Nothing	15 End of file
183.584	n/a	92.792	Picture	blank
184	n/a	93	Pulse	50
185.6	n/a	93.8	Picture	FIX 3573
186	n/a	94	Pulse	50
187.174	n/a	94.587	Sound	14 Start File 184.wav
187.232	n/a	94.616	Nothing	1 Audio onset
188	n/a	95	Pulse	50
188.8	n/a	95.4	Nothing	2 Target
190	n/a	96	Pulse	50
191.312	n/a	96.656	Nothing	15 End of file
191.332	n/a	96.666	Picture	blank
192	n/a	97	Pulse	50
193.35	n/a	97.675	Picture	FIX 4107
194	n/a	98	Pulse	50
195.456	n/a	98.728	Sound	14 Start File 190.wav
195.514	n/a	98.757	Nothing	1 Audio onset
196	n/a	99	Pulse	50
196.326	n/a	99.163	Nothing	2 Target
198	n/a	100	Pulse	50
199.692	n/a	100.846	Nothing	15 End of file
199.716	n/a	100.858	Picture	blank
200	n/a	101	Pulse	50
201.732	n/a	101.866	Picture	FIX 3207
202	n/a	102	Pulse	50
202.944	n/a	102.472	Sound	14 Start File 385.wav
203.002	n/a	102.501	Nothing	5 Audio onset
204	n/a	103	Pulse	50
205.094	n/a	103.547	Nothing	6 Target
206	n/a	104	Pulse	50
207.546	n/a	104.773	Nothing	15 End of file
207.866	n/a	104.933	Picture	WOORDEN
208	n/a	105	Pulse	50
209.582	n/a	105.791	Picture	blank
210	n/a	106	Pulse	50
211.598	n/a	106.799	Picture	FIX 3228
212	n/a	107	Pulse	50
212.846	n/a	107.423	Sound	14 Start File 672.wav
212.916	n/a	107.458	Nothing	3 Audio onset
214	n/a	108	Pulse	50
214.692	n/a	108.346	Nothing	4 Target
216	n/a	109	Pulse	50
218	n/a	110	Pulse	50
220	n/a	111	Pulse	50
220.39	n/a	111.195	Nothing	15 End of file
221.364	n/a	111.682	Picture	QUESTION 672
222	n/a	112	Pulse	50
223.936	n/a	112.968	Response	2
223.948	n/a	112.974	Picture	blank
224	n/a	113	Pulse	50
225.964	n/a	113.982	Picture	FIX 3297
226	n/a	114	Pulse	50
227.272	n/a	114.636	Sound	14 Start File 855.wav
227.35	n/a	114.675	Nothing	7 Audio onset
228	n/a	115	Pulse	50
230	n/a	116	Pulse	50
232	n/a	117	Pulse	50
233.11	n/a	117.555	Nothing	8 Target
234	n/a	118	Pulse	50
236	n/a	119	Pulse	50
236.236	n/a	119.118	Nothing	15 End of file
237.214	n/a	119.607	Picture	QUESTION 855
238	n/a	120	Pulse	50
238.742	n/a	120.371	Response	1
238.764	n/a	120.382	Picture	blank
240	n/a	121	Pulse	50
240.78	n/a	121.39	Picture	FIX 3533
242	n/a	122	Pulse	50
242.318	n/a	122.159	Sound	14 Start File 663.wav
242.406	n/a	122.203	Nothing	3 Audio onset
244	n/a	123	Pulse	50
245.698	n/a	123.849	Nothing	4 Target
246	n/a	124	Pulse	50
248	n/a	125	Pulse	50
248.366	n/a	125.183	Nothing	15 End of file
249.33	n/a	125.665	Picture	QUESTION 663
250	n/a	126	Pulse	50
250.226	n/a	126.113	Response	1
250.246	n/a	126.123	Picture	blank
252	n/a	127	Pulse	50
252.264	n/a	127.132	Picture	FIX 3995
254	n/a	128	Pulse	50
254.26	n/a	128.13	Sound	14 Start File 750.wav
254.328	n/a	128.164	Nothing	7 Audio onset
256	n/a	129	Pulse	50
258	n/a	130	Pulse	50
258.808	n/a	130.404	Nothing	8 Target
260	n/a	131	Pulse	50
260.476	n/a	131.238	Nothing	15 End of file
261.446	n/a	131.723	Picture	QUESTION 750
262	n/a	132	Pulse	50
262.154	n/a	132.077	Response	1
262.18	n/a	132.09	Picture	blank
264	n/a	133	Pulse	50
264.196	n/a	133.098	Picture	FIX 4062
266	n/a	134	Pulse	50
266.262	n/a	134.131	Sound	14 Start File 667.wav
266.348	n/a	134.174	Nothing	3 Audio onset
268	n/a	135	Pulse	50
268.054	n/a	135.027	Nothing	4 Target
270	n/a	136	Pulse	50
272	n/a	137	Pulse	50
272.706	n/a	137.353	Nothing	15 End of file
273.028	n/a	137.514	Picture	ZINNEN
274	n/a	138	Pulse	50
274.746	n/a	138.373	Picture	blank
276	n/a	139	Pulse	50
276.762	n/a	139.381	Picture	FIX 3326
278	n/a	140	Pulse	50
278.092	n/a	140.046	Sound	14 Start File 206.wav
278.17	n/a	140.085	Nothing	5 Audio onset
279.096	n/a	140.548	Nothing	6 Target
280	n/a	141	Pulse	50
281.776	n/a	141.888	Nothing	15 End of file
281.796	n/a	141.898	Picture	blank
282	n/a	142	Pulse	50
283.812	n/a	142.906	Picture	FIX 3925
284	n/a	143	Pulse	50
285.742	n/a	143.871	Sound	14 Start File 352.wav
285.794	n/a	143.897	Nothing	5 Audio onset
286	n/a	144	Pulse	50
288	n/a	145	Pulse	50
288.06	n/a	145.03	Nothing	6 Target
289.606	n/a	145.803	Nothing	15 End of file
289.628	n/a	145.814	Picture	blank
290	n/a	146	Pulse	50
291.644	n/a	146.822	Picture	FIX 4094
292	n/a	147	Pulse	50
293.742	n/a	147.871	Sound	14 Start File 109.wav
293.748	n/a	147.874	Nothing	1 Audio onset
294	n/a	148	Pulse	50
294.946	n/a	148.473	Nothing	2 Target
296	n/a	149	Pulse	50
297.494	n/a	149.747	Nothing	15 End of file
297.512	n/a	149.756	Picture	blank
298	n/a	150	Pulse	50
299.528	n/a	150.764	Picture	FIX 3344
300	n/a	151	Pulse	50
300.874	n/a	151.437	Sound	14 Start File 063.wav
300.936	n/a	151.468	Nothing	1 Audio onset
302	n/a	152	Pulse	50
302.662	n/a	152.331	Nothing	2 Target
304	n/a	153	Pulse	50
304.82	n/a	153.41	Nothing	15 End of file
304.828	n/a	153.414	Picture	blank
306	n/a	154	Pulse	50
306.844	n/a	154.422	Picture	FIX 3257
308	n/a	155	Pulse	50
308.106	n/a	155.053	Sound	14 Start File 088.wav
308.162	n/a	155.081	Nothing	1 Audio onset
309.534	n/a	155.767	Nothing	2 Target
310	n/a	156	Pulse	50
312	n/a	157	Pulse	50
312.36	n/a	157.18	Nothing	15 End of file
312.676	n/a	157.338	Picture	WOORDEN
314	n/a	158	Pulse	50
314.394	n/a	158.197	Picture	blank
316	n/a	159	Pulse	50
316.41	n/a	159.205	Picture	FIX 3340
317.752	n/a	159.876	Sound	14 Start File 867.wav
317.822	n/a	159.911	Nothing	7 Audio onset
318	n/a	160	Pulse	50
320	n/a	161	Pulse	50
322	n/a	162	Pulse	50
324	n/a	163	Pulse	50
325.296	n/a	163.648	Nothing	8 Target
326	n/a	164	Pulse	50
327.764	n/a	164.882	Nothing	15 End of file
327.792	n/a	164.896	Picture	blank
328	n/a	165	Pulse	50
329.81	n/a	165.905	Picture	FIX 3533
330	n/a	166	Pulse	50
331.348	n/a	166.674	Sound	14 Start File 505.wav
331.412	n/a	166.706	Nothing	3 Audio onset
332	n/a	167	Pulse	50
334	n/a	168	Pulse	50
336	n/a	169	Pulse	50
336.888	n/a	169.444	Nothing	4 Target
338	n/a	170	Pulse	50
338.956	n/a	170.478	Nothing	15 End of file
338.976	n/a	170.488	Picture	blank
340	n/a	171	Pulse	50
340.992	n/a	171.496	Picture	FIX 3660
342	n/a	172	Pulse	50
342.66	n/a	172.33	Sound	14 Start File 785.wav
342.724	n/a	172.362	Nothing	7 Audio onset
344	n/a	173	Pulse	50
346	n/a	174	Pulse	50
346.2	n/a	174.1	Nothing	8 Target
348	n/a	175	Pulse	50
349.812	n/a	175.906	Nothing	15 End of file
349.842	n/a	175.921	Picture	blank
350	n/a	176	Pulse	50
351.858	n/a	176.929	Picture	FIX 3956
352	n/a	177	Pulse	50
353.828	n/a	177.914	Sound	14 Start File 828.wav
353.926	n/a	177.963	Nothing	7 Audio onset
354	n/a	178	Pulse	50
356	n/a	179	Pulse	50
356.972	n/a	179.486	Nothing	8 Target
358	n/a	180	Pulse	50
360	n/a	181	Pulse	50
361.562	n/a	181.781	Nothing	15 End of file
361.592	n/a	181.796	Picture	blank
362	n/a	182	Pulse	50
363.608	n/a	182.804	Picture	FIX 3324
364	n/a	183	Pulse	50
364.94	n/a	183.47	Sound	14 Start File 776.wav
364.998	n/a	183.499	Nothing	7 Audio onset
366	n/a	184	Pulse	50
368	n/a	185	Pulse	50
370	n/a	186	Pulse	50
371.678	n/a	186.839	Nothing	8 Target
372	n/a	187	Pulse	50
373.756	n/a	187.878	Nothing	15 End of file
374	n/a	188	Pulse	50
374.074	n/a	188.037	Picture	ZINNEN
375.79	n/a	188.895	Picture	blank
376	n/a	189	Pulse	50
377.808	n/a	189.904	Picture	FIX 4000
378	n/a	190	Pulse	50
379.818	n/a	190.909	Sound	14 Start File 012.wav
379.922	n/a	190.961	Nothing	1 Audio onset
380	n/a	191	Pulse	50
381.19	n/a	191.595	Nothing	2 Target
382	n/a	192	Pulse	50
384	n/a	193	Pulse	50
384.386	n/a	193.193	Nothing	15 End of file
384.99	n/a	193.495	Picture	QUESTION 012
385.694	n/a	193.847	Response	1
385.706	n/a	193.853	Picture	blank
386	n/a	194	Pulse	50
387.724	n/a	194.862	Picture	FIX 3849
388	n/a	195	Pulse	50
389.58	n/a	195.79	Sound	14 Start File 361.wav
389.634	n/a	195.817	Nothing	5 Audio onset
390	n/a	196	Pulse	50
392	n/a	197	Pulse	50
392.728	n/a	197.364	Nothing	6 Target
394	n/a	198	Pulse	50
394.496	n/a	198.248	Nothing	15 End of file
394.522	n/a	198.261	Picture	blank
396	n/a	199	Pulse	50
396.54	n/a	199.27	Picture	FIX 3602
398	n/a	200	Pulse	50
398.15	n/a	200.075	Sound	14 Start File 198.wav
398.192	n/a	200.096	Nothing	1 Audio onset
399.772	n/a	200.886	Nothing	2 Target
400	n/a	201	Pulse	50
402	n/a	202	Pulse	50
402.14	n/a	202.07	Nothing	15 End of file
402.156	n/a	202.078	Picture	blank
404	n/a	203	Pulse	50
404.172	n/a	203.086	Picture	FIX 3258
405.434	n/a	203.717	Sound	14 Start File 368.wav
405.49	n/a	203.745	Nothing	5 Audio onset
406	n/a	204	Pulse	50
407.63	n/a	204.815	Nothing	6 Target
408	n/a	205	Pulse	50
410	n/a	206	Pulse	50
410.046	n/a	206.023	Nothing	15 End of file
410.072	n/a	206.036	Picture	blank
412	n/a	207	Pulse	50
412.088	n/a	207.044	Picture	FIX 3880
413.982	n/a	207.991	Sound	14 Start File 236.wav
414	n/a	208	Pulse	50
414.04	n/a	208.02	Nothing	5 Audio onset
416	n/a	209	Pulse	50
417.01	n/a	209.505	Nothing	6 Target
418	n/a	210	Pulse	50
418.012	n/a	210.006	Nothing	15 End of file
418.638	n/a	210.319	Picture	QUESTION 236
419.342	n/a	210.671	Response	1
419.654	n/a	210.827	Picture	WOORDEN
420	n/a	211	Pulse	50
421.372	n/a	211.686	Picture	blank
422	n/a	212	Pulse	50
423.388	n/a	212.694	Picture	FIX 3506
424	n/a	213	Pulse	50
424.904	n/a	213.452	Sound	14 Start File 502.wav
424.972	n/a	213.486	Nothing	3 Audio onset
426	n/a	214	Pulse	50
426.87	n/a	214.435	Nothing	4 Target
428	n/a	215	Pulse	50
430	n/a	216	Pulse	50
432	n/a	217	Pulse	50
432.692	n/a	217.346	Nothing	15 End of file
432.704	n/a	217.352	Picture	blank
434	n/a	218	Pulse	50
434.72	n/a	218.36	Picture	FIX 4029
436	n/a	219	Pulse	50
436.758	n/a	219.379	Sound	14 Start File 883.wav
436.826	n/a	219.413	Nothing	7 Audio onset
438	n/a	220	Pulse	50
440	n/a	221	Pulse	50
442	n/a	222	Pulse	50
444	n/a	223	Pulse	50
444.016	n/a	223.008	Nothing	8 Target
446	n/a	224	Pulse	50
446.364	n/a	224.182	Nothing	15 End of file
446.386	n/a	224.193	Picture	blank
448	n/a	225	Pulse	50
448.404	n/a	225.202	Picture	FIX 3834
450	n/a	226	Pulse	50
450.244	n/a	226.122	Sound	14 Start File 516.wav
450.318	n/a	226.159	Nothing	3 Audio onset
452	n/a	227	Pulse	50
454	n/a	228	Pulse	50
455.728	n/a	228.864	Nothing	4 Target
456	n/a	229	Pulse	50
458	n/a	230	Pulse	50
459.356	n/a	230.678	Nothing	15 End of file
460	n/a	231	Pulse	50
460.32	n/a	231.16	Picture	QUESTION 516
461.184	n/a	231.592	Response	2
461.202	n/a	231.601	Picture	blank
462	n/a	232	Pulse	50
463.22	n/a	232.61	Picture	FIX 3998
464	n/a	233	Pulse	50
465.226	n/a	233.613	Sound	14 Start File 501.wav
465.284	n/a	233.642	Nothing	3 Audio onset
466	n/a	234	Pulse	50
468	n/a	235	Pulse	50
469.458	n/a	235.729	Nothing	4 Target
470	n/a	236	Pulse	50
472	n/a	237	Pulse	50
473.174	n/a	237.587	Nothing	15 End of file
473.186	n/a	237.593	Picture	blank
474	n/a	238	Pulse	50
475.202	n/a	238.601	Picture	FIX 3639
476	n/a	239	Pulse	50
476.85	n/a	239.425	Sound	14 Start File 827.wav
476.94	n/a	239.47	Nothing	7 Audio onset
478	n/a	240	Pulse	50
479.636	n/a	240.818	Nothing	8 Target
480	n/a	241	Pulse	50
482	n/a	242	Pulse	50
484	n/a	243	Pulse	50
484.344	n/a	243.172	Nothing	15 End of file
484.668	n/a	243.334	Picture	ZINNEN
486	n/a	244	Pulse	50
486.384	n/a	244.192	Picture	blank
488	n/a	245	Pulse	50
488.402	n/a	245.201	Picture	FIX 3468
489.872	n/a	245.936	Sound	14 Start File 033.wav
489.93	n/a	245.965	Nothing	1 Audio onset
490	n/a	246	Pulse	50
491.572	n/a	246.786	Nothing	2 Target
492	n/a	247	Pulse	50
493.67	n/a	247.835	Nothing	15 End of file
493.684	n/a	247.842	Picture	blank
494	n/a	248	Pulse	50
495.702	n/a	248.851	Picture	FIX 3617
496	n/a	249	Pulse	50
497.324	n/a	249.662	Sound	14 Start File 098.wav
497.382	n/a	249.691	Nothing	1 Audio onset
498	n/a	250	Pulse	50
499.908	n/a	250.954	Nothing	2 Target
500	n/a	251	Pulse	50
501.4	n/a	251.7	Nothing	15 End of file
501.418	n/a	251.709	Picture	blank
502	n/a	252	Pulse	50
503.434	n/a	252.717	Picture	FIX 3351
504	n/a	253	Pulse	50
504.796	n/a	253.398	Sound	14 Start File 302.wav
504.86	n/a	253.43	Nothing	5 Audio onset
506	n/a	254	Pulse	50
506.862	n/a	254.431	Nothing	6 Target
508	n/a	255	Pulse	50
508.32	n/a	255.16	Nothing	15 End of file
508.334	n/a	255.167	Picture	blank
510	n/a	256	Pulse	50
510.35	n/a	256.175	Picture	FIX 3882
512	n/a	257	Pulse	50
512.236	n/a	257.118	Sound	14 Start File 162.wav
512.246	n/a	257.123	Nothing	1 Audio onset
512.82	n/a	257.41	Nothing	2 Target
514	n/a	258	Pulse	50
516	n/a	259	Pulse	50
516.034	n/a	259.017	Nothing	15 End of file
516.05	n/a	259.025	Picture	blank
518	n/a	260	Pulse	50
518.066	n/a	260.033	Picture	FIX 3958
520	n/a	261	Pulse	50
520.03	n/a	261.015	Sound	14 Start File 036.wav
520.09	n/a	261.045	Nothing	1 Audio onset
522	n/a	262	Pulse	50
523.044	n/a	262.522	Nothing	2 Target
524	n/a	263	Pulse	50
524.484	n/a	263.242	Nothing	15 End of file
524.816	n/a	263.408	Picture	WOORDEN
526	n/a	264	Pulse	50
526.532	n/a	264.266	Picture	blank
528	n/a	265	Pulse	50
528.55	n/a	265.275	Picture	FIX 3512
530	n/a	266	Pulse	50
530.074	n/a	266.037	Sound	14 Start File 525.wav
530.142	n/a	266.071	Nothing	3 Audio onset
532	n/a	267	Pulse	50
534	n/a	268	Pulse	50
534.738	n/a	268.369	Nothing	4 Target
536	n/a	269	Pulse	50
537.13	n/a	269.565	Nothing	15 End of file
537.15	n/a	269.575	Picture	blank
538	n/a	270	Pulse	50
539.166	n/a	270.583	Picture	FIX 3649
540	n/a	271	Pulse	50
540.826	n/a	271.413	Sound	14 Start File 562.wav
540.896	n/a	271.448	Nothing	3 Audio onset
542	n/a	272	Pulse	50
544	n/a	273	Pulse	50
546	n/a	274	Pulse	50
546.18	n/a	274.09	Nothing	4 Target
548	n/a	275	Pulse	50
549.394	n/a	275.697	Nothing	15 End of file
549.416	n/a	275.708	Picture	blank
550	n/a	276	Pulse	50
551.432	n/a	276.716	Picture	FIX 4085
552	n/a	277	Pulse	50
553.52	n/a	277.76	Sound	14 Start File 858.wav
553.598	n/a	277.799	Nothing	7 Audio onset
554	n/a	278	Pulse	50
555.082	n/a	278.541	Nothing	8 Target
556	n/a	279	Pulse	50
558	n/a	280	Pulse	50
560	n/a	281	Pulse	50
562	n/a	282	Pulse	50
563.386	n/a	282.693	Nothing	15 End of file
563.398	n/a	282.699	Picture	blank
564	n/a	283	Pulse	50
565.414	n/a	283.707	Picture	FIX 3328
566	n/a	284	Pulse	50
566.752	n/a	284.376	Sound	14 Start File 531.wav
566.816	n/a	284.408	Nothing	3 Audio onset
568	n/a	285	Pulse	50
570	n/a	286	Pulse	50
572	n/a	287	Pulse	50
572.822	n/a	287.411	Nothing	4 Target
574	n/a	288	Pulse	50
574.108	n/a	288.054	Nothing	15 End of file
574.13	n/a	288.065	Picture	blank
576	n/a	289	Pulse	50
576.148	n/a	289.074	Picture	FIX 3687
577.846	n/a	289.923	Sound	14 Start File 581.wav
577.918	n/a	289.959	Nothing	3 Audio onset
578	n/a	290	Pulse	50
580	n/a	291	Pulse	50
582	n/a	292	Pulse	50
583.55	n/a	292.775	Nothing	4 Target
584	n/a	293	Pulse	50
585.574	n/a	293.787	Nothing	15 End of file
585.896	n/a	293.948	Picture	ZINNEN
586	n/a	294	Pulse	50
587.614	n/a	294.807	Picture	blank
588	n/a	295	Pulse	50
589.63	n/a	295.815	Picture	FIX 4052
590	n/a	296	Pulse	50
591.692	n/a	296.846	Sound	14 Start File 226.wav
591.744	n/a	296.872	Nothing	5 Audio onset
592	n/a	297	Pulse	50
592.916	n/a	297.458	Nothing	6 Target
594	n/a	298	Pulse	50
594.606	n/a	298.303	Nothing	15 End of file
594.63	n/a	298.315	Picture	blank
596	n/a	299	Pulse	50
596.646	n/a	299.323	Picture	FIX 3716
598	n/a	300	Pulse	50
598.366	n/a	300.183	Sound	14 Start File 158.wav
598.412	n/a	300.206	Nothing	1 Audio onset
599.06	n/a	300.53	Nothing	2 Target
600	n/a	301	Pulse	50
602	n/a	302	Pulse	50
602.536	n/a	302.268	Nothing	15 End of file
602.562	n/a	302.281	Picture	blank
604	n/a	303	Pulse	50
604.578	n/a	303.289	Picture	FIX 3224
605.812	n/a	303.906	Sound	14 Start File 344.wav
605.866	n/a	303.933	Nothing	5 Audio onset
606	n/a	304	Pulse	50
608	n/a	305	Pulse	50
609.19	n/a	305.595	Nothing	6 Target
610	n/a	306	Pulse	50
611.78	n/a	306.89	Nothing	15 End of file
611.796	n/a	306.898	Picture	blank
612	n/a	307	Pulse	50
613.812	n/a	307.906	Picture	FIX 4024
614	n/a	308	Pulse	50
615.84	n/a	308.92	Sound	14 Start File 280.wav
615.902	n/a	308.951	Nothing	5 Audio onset
616	n/a	309	Pulse	50
617.376	n/a	309.688	Nothing	6 Target
618	n/a	310	Pulse	50
620	n/a	311	Pulse	50
620.092	n/a	311.046	Nothing	15 End of file
620.11	n/a	311.055	Picture	blank
622	n/a	312	Pulse	50
622.11	n/a	312.055	Picture	FIX 3395
623.528	n/a	312.764	Sound	14 Start File 317.wav
623.594	n/a	312.797	Nothing	5 Audio onset
624	n/a	313	Pulse	50
624.938	n/a	313.469	Nothing	6 Target
626	n/a	314	Pulse	50
626.852	n/a	314.426	Nothing	15 End of file
627.178	n/a	314.589	Picture	WOORDEN
628	n/a	315	Pulse	50
628.89	n/a	315.445	Picture	blank
630	n/a	316	Pulse	50
630.894	n/a	316.447	Picture	FIX 4175
632	n/a	317	Pulse	50
633.094	n/a	317.547	Sound	14 Start File 571.wav
633.162	n/a	317.581	Nothing	3 Audio onset
634	n/a	318	Pulse	50
636	n/a	319	Pulse	50
637.77	n/a	319.885	Nothing	4 Target
638	n/a	320	Pulse	50
640	n/a	321	Pulse	50
640.106	n/a	321.053	Nothing	15 End of file
640.128	n/a	321.064	Picture	blank
642	n/a	322	Pulse	50
642.144	n/a	322.072	Picture	FIX 3422
643.57	n/a	322.785	Sound	14 Start File 539.wav
643.662	n/a	322.831	Nothing	3 Audio onset
644	n/a	323	Pulse	50
646	n/a	324	Pulse	50
648	n/a	325	Pulse	50
648.92	n/a	325.46	Nothing	4 Target
650	n/a	326	Pulse	50
651.674	n/a	326.837	Nothing	15 End of file
651.694	n/a	326.847	Picture	blank
652	n/a	327	Pulse	50
653.71	n/a	327.855	Picture	FIX 3812
654	n/a	328	Pulse	50
655.528	n/a	328.764	Sound	14 Start File 788.wav
655.596	n/a	328.798	Nothing	7 Audio onset
656	n/a	329	Pulse	50
658	n/a	330	Pulse	50
659.756	n/a	330.878	Nothing	8 Target
660	n/a	331	Pulse	50
662	n/a	332	Pulse	50
663.836	n/a	332.918	Nothing	15 End of file
664	n/a	333	Pulse	50
664.81	n/a	333.405	Picture	QUESTION 788
665.628	n/a	333.814	Response	2
665.642	n/a	333.821	Picture	blank
666	n/a	334	Pulse	50
667.66	n/a	334.83	Picture	FIX 3960
668	n/a	335	Pulse	50
669.624	n/a	335.812	Sound	14 Start File 635.wav
669.692	n/a	335.846	Nothing	3 Audio onset
670	n/a	336	Pulse	50
671.912	n/a	336.956	Nothing	4 Target
672	n/a	337	Pulse	50
674	n/a	338	Pulse	50
676	n/a	339	Pulse	50
676.416	n/a	339.208	Nothing	15 End of file
676.442	n/a	339.221	Picture	blank
678	n/a	340	Pulse	50
678.458	n/a	340.229	Picture	FIX 3378
679.846	n/a	340.923	Sound	14 Start File 616.wav
679.916	n/a	340.958	Nothing	3 Audio onset
680	n/a	341	Pulse	50
682	n/a	342	Pulse	50
684	n/a	343	Pulse	50
685.014	n/a	343.507	Nothing	4 Target
686	n/a	344	Pulse	50
687.406	n/a	344.703	Nothing	15 End of file
687.724	n/a	344.862	Picture	ZINNEN
688	n/a	345	Pulse	50
689.442	n/a	345.721	Picture	blank
690	n/a	346	Pulse	50
691.458	n/a	346.729	Picture	FIX 3271
692	n/a	347	Pulse	50
692.728	n/a	347.364	Sound	14 Start File 264.wav
692.794	n/a	347.397	Nothing	5 Audio onset
693.998	n/a	347.999	Nothing	6 Target
694	n/a	348	Pulse	50
696	n/a	349	Pulse	50
696.036	n/a	349.018	Nothing	15 End of file
696.058	n/a	349.029	Picture	blank
698	n/a	350	Pulse	50
698.074	n/a	350.037	Picture	FIX 4003
700	n/a	351	Pulse	50
700.08	n/a	351.04	Sound	14 Start File 366.wav
700.138	n/a	351.069	Nothing	5 Audio onset
702	n/a	352	Pulse	50
702.492	n/a	352.246	Nothing	6 Target
704	n/a	353	Pulse	50
704.412	n/a	353.206	Nothing	15 End of file
704.424	n/a	353.212	Picture	blank
706	n/a	354	Pulse	50
706.44	n/a	354.22	Picture	FIX 3642
708	n/a	355	Pulse	50
708.088	n/a	355.044	Sound	14 Start File 213.wav
708.146	n/a	355.073	Nothing	5 Audio onset
709.688	n/a	355.844	Nothing	6 Target
710	n/a	356	Pulse	50
711.266	n/a	356.633	Nothing	15 End of file
711.89	n/a	356.945	Picture	QUESTION 213
712	n/a	357	Pulse	50
714	n/a	358	Pulse	50
714.298	n/a	358.149	Response	1
714.324	n/a	358.162	Picture	blank
716	n/a	359	Pulse	50
716.34	n/a	359.17	Picture	FIX 4014
718	n/a	360	Pulse	50
718.356	n/a	360.178	Sound	14 Start File 279.wav
718.412	n/a	360.206	Nothing	5 Audio onset
719.608	n/a	360.804	Nothing	6 Target
720	n/a	361	Pulse	50
722	n/a	362	Pulse	50
723.378	n/a	362.689	Nothing	15 End of file
723.406	n/a	362.703	Picture	blank
724	n/a	363	Pulse	50
725.422	n/a	363.711	Picture	FIX 3545
726	n/a	364	Pulse	50
726.974	n/a	364.487	Sound	14 Start File 202.wav
727.032	n/a	364.516	Nothing	1 Audio onset
728	n/a	365	Pulse	50
729.296	n/a	365.648	Nothing	2 Target
730	n/a	366	Pulse	50
730.618	n/a	366.309	Nothing	15 End of file
730.94	n/a	366.47	Picture	WOORDEN
732	n/a	367	Pulse	50
732.656	n/a	367.328	Picture	blank
734	n/a	368	Pulse	50
734.672	n/a	368.336	Picture	FIX 3643
736	n/a	369	Pulse	50
736.328	n/a	369.164	Sound	14 Start File 694.wav
736.386	n/a	369.193	Nothing	3 Audio onset
738	n/a	370	Pulse	50
738.9	n/a	370.45	Nothing	4 Target
740	n/a	371	Pulse	50
742	n/a	372	Pulse	50
744	n/a	373	Pulse	50
744.584	n/a	373.292	Nothing	15 End of file
744.606	n/a	373.303	Picture	blank
746	n/a	374	Pulse	50
746.622	n/a	374.311	Picture	FIX 3467
748	n/a	375	Pulse	50
748.092	n/a	375.046	Sound	14 Start File 707.wav
748.16	n/a	375.08	Nothing	7 Audio onset
750	n/a	376	Pulse	50
752	n/a	377	Pulse	50
752.774	n/a	377.387	Nothing	8 Target
754	n/a	378	Pulse	50
755.028	n/a	378.514	Nothing	15 End of file
755.038	n/a	378.519	Picture	blank
756	n/a	379	Pulse	50
757.054	n/a	379.527	Picture	FIX 3414
758	n/a	380	Pulse	50
758.486	n/a	380.243	Sound	14 Start File 740.wav
758.562	n/a	380.281	Nothing	7 Audio onset
760	n/a	381	Pulse	50
761.636	n/a	381.818	Nothing	8 Target
762	n/a	382	Pulse	50
764	n/a	383	Pulse	50
764.146	n/a	383.073	Nothing	15 End of file
764.17	n/a	383.085	Picture	blank
766	n/a	384	Pulse	50
766.188	n/a	384.094	Picture	FIX 3603
767.81	n/a	384.905	Sound	14 Start File 846.wav
767.882	n/a	384.941	Nothing	7 Audio onset
768	n/a	385	Pulse	50
770	n/a	386	Pulse	50
772	n/a	387	Pulse	50
773.676	n/a	387.838	Nothing	8 Target
774	n/a	388	Pulse	50
776	n/a	389	Pulse	50
776.178	n/a	389.089	Nothing	15 End of file
776.186	n/a	389.093	Picture	blank
778	n/a	390	Pulse	50
778.204	n/a	390.102	Picture	FIX 4080
780	n/a	391	Pulse	50
780.288	n/a	391.144	Sound	14 Start File 594.wav
780.348	n/a	391.174	Nothing	3 Audio onset
782	n/a	392	Pulse	50
782.32	n/a	392.16	Nothing	4 Target
784	n/a	393	Pulse	50
786	n/a	394	Pulse	50
788	n/a	395	Pulse	50
788.726	n/a	395.363	Nothing	15 End of file
789.036	n/a	395.518	Picture	ZINNEN
790	n/a	396	Pulse	50
790.752	n/a	396.376	Picture	blank
792	n/a	397	Pulse	50
792.77	n/a	397.385	Picture	FIX 3810
794	n/a	398	Pulse	50
794.584	n/a	398.292	Sound	14 Start File 075.wav
794.644	n/a	398.322	Nothing	1 Audio onset
796	n/a	399	Pulse	50
797.562	n/a	399.781	Nothing	2 Target
798	n/a	400	Pulse	50
800	n/a	401	Pulse	50
800.386	n/a	401.193	Nothing	15 End of file
801.002	n/a	401.501	Picture	QUESTION 075
802	n/a	402	Pulse	50
802.478	n/a	402.239	Response	2
802.502	n/a	402.251	Picture	blank
804	n/a	403	Pulse	50
804.518	n/a	403.259	Picture	FIX 3816
806	n/a	404	Pulse	50
806.34	n/a	404.17	Sound	14 Start File 067.wav
806.412	n/a	404.206	Nothing	1 Audio onset
807.906	n/a	404.953	Nothing	2 Target
808	n/a	405	Pulse	50
810	n/a	406	Pulse	50
810.54	n/a	406.27	Nothing	15 End of file
811.15	n/a	406.575	Picture	QUESTION 067
812	n/a	407	Pulse	50
812.842	n/a	407.421	Response	1
812.868	n/a	407.434	Picture	blank
814	n/a	408	Pulse	50
814.884	n/a	408.442	Picture	FIX 3398
816	n/a	409	Pulse	50
816.268	n/a	409.134	Sound	14 Start File 297.wav
816.322	n/a	409.161	Nothing	5 Audio onset
818	n/a	410	Pulse	50
818.45	n/a	410.225	Nothing	6 Target
820	n/a	411	Pulse	50
820.74	n/a	411.37	Nothing	15 End of file
820.768	n/a	411.384	Picture	blank
822	n/a	412	Pulse	50
822.784	n/a	412.392	Picture	FIX 4161
824	n/a	413	Pulse	50
824.948	n/a	413.474	Sound	14 Start File 350.wav
824.97	n/a	413.485	Nothing	5 Audio onset
826	n/a	414	Pulse	50
828	n/a	415	Pulse	50
828.254	n/a	415.127	Nothing	6 Target
830	n/a	416	Pulse	50
830.072	n/a	416.036	Nothing	15 End of file
830.1	n/a	416.05	Picture	blank
832	n/a	417	Pulse	50
832.118	n/a	417.059	Picture	FIX 3559
833.692	n/a	417.846	Sound	14 Start File 130.wav
833.75	n/a	417.875	Nothing	1 Audio onset
834	n/a	418	Pulse	50
835.688	n/a	418.844	Nothing	2 Target
836	n/a	419	Pulse	50
838	n/a	420	Pulse	50
838.166	n/a	420.083	Nothing	15 End of file
838.484	n/a	420.242	Picture	WOORDEN
840	n/a	421	Pulse	50
840.2	n/a	421.1	Picture	blank
842	n/a	422	Pulse	50
842.216	n/a	422.108	Picture	FIX 3311
843.534	n/a	422.767	Sound	14 Start File 859.wav
843.554	n/a	422.777	Nothing	7 Audio onset
844	n/a	423	Pulse	50
846	n/a	424	Pulse	50
846.408	n/a	424.204	Nothing	8 Target
848	n/a	425	Pulse	50
850	n/a	426	Pulse	50
850.264	n/a	426.132	Nothing	15 End of file
850.3	n/a	426.15	Picture	blank
852	n/a	427	Pulse	50
852.316	n/a	427.158	Picture	FIX 4053
854	n/a	428	Pulse	50
854.376	n/a	428.188	Sound	14 Start File 745.wav
854.444	n/a	428.222	Nothing	7 Audio onset
856	n/a	429	Pulse	50
858	n/a	430	Pulse	50
858.814	n/a	430.407	Nothing	8 Target
860	n/a	431	Pulse	50
860.754	n/a	431.377	Nothing	15 End of file
860.766	n/a	431.383	Picture	blank
862	n/a	432	Pulse	50
862.782	n/a	432.391	Picture	FIX 4139
864	n/a	433	Pulse	50
864.93	n/a	433.465	Sound	14 Start File 574.wav
864.998	n/a	433.499	Nothing	3 Audio onset
866	n/a	434	Pulse	50
867.606	n/a	434.803	Nothing	4 Target
868	n/a	435	Pulse	50
870	n/a	436	Pulse	50
872	n/a	437	Pulse	50
873.194	n/a	437.597	Nothing	15 End of file
873.216	n/a	437.608	Picture	blank
874	n/a	438	Pulse	50
875.232	n/a	438.616	Picture	FIX 3630
876	n/a	439	Pulse	50
876.868	n/a	439.434	Sound	14 Start File 756.wav
876.942	n/a	439.471	Nothing	7 Audio onset
878	n/a	440	Pulse	50
880	n/a	441	Pulse	50
882	n/a	442	Pulse	50
882.328	n/a	442.164	Nothing	8 Target
884	n/a	443	Pulse	50
885.952	n/a	443.976	Nothing	15 End of file
885.982	n/a	443.991	Picture	blank
886	n/a	444	Pulse	50
887.998	n/a	444.999	Picture	FIX 3975
888	n/a	445	Pulse	50
889.982	n/a	445.991	Sound	14 Start File 683.wav
890	n/a	446	Pulse	50
890.06	n/a	446.03	Nothing	3 Audio onset
891.39	n/a	446.695	Nothing	4 Target
892	n/a	447	Pulse	50
894	n/a	448	Pulse	50
896	n/a	449	Pulse	50
897.004	n/a	449.502	Nothing	15 End of file
897.33	n/a	449.665	Picture	ZINNEN
898	n/a	450	Pulse	50
899.048	n/a	450.524	Picture	blank
900	n/a	451	Pulse	50
901.064	n/a	451.532	Picture	FIX 3855
902	n/a	452	Pulse	50
902.92	n/a	452.46	Sound	14 Start File 342.wav
902.976	n/a	452.488	Nothing	5 Audio onset
904	n/a	453	Pulse	50
905.196	n/a	453.598	Nothing	6 Target
906	n/a	454	Pulse	50
906.766	n/a	454.383	Nothing	15 End of file
907.396	n/a	454.698	Picture	QUESTION 342
908	n/a	455	Pulse	50
910	n/a	456	Pulse	50
910.714	n/a	456.357	Response	1
910.73	n/a	456.365	Picture	blank
912	n/a	457	Pulse	50
912.746	n/a	457.373	Picture	FIX 3679
914	n/a	458	Pulse	50
914.428	n/a	458.214	Sound	14 Start File 070.wav
914.434	n/a	458.217	Nothing	1 Audio onset
915.668	n/a	458.834	Nothing	2 Target
916	n/a	459	Pulse	50
918	n/a	460	Pulse	50
919.994	n/a	460.997	Nothing	15 End of file
920	n/a	461	Pulse	50
920.612	n/a	461.306	Picture	QUESTION 070
922	n/a	462	Pulse	50
922.136	n/a	462.068	Response	2
922.162	n/a	462.081	Picture	blank
924	n/a	463	Pulse	50
924.18	n/a	463.09	Picture	FIX 4021
926	n/a	464	Pulse	50
926.204	n/a	464.102	Sound	14 Start File 319.wav
926.236	n/a	464.118	Nothing	5 Audio onset
927.11	n/a	464.555	Nothing	6 Target
928	n/a	465	Pulse	50
929.788	n/a	465.894	Nothing	15 End of file
930	n/a	466	Pulse	50
930.412	n/a	466.206	Picture	QUESTION 319
931.746	n/a	466.873	Response	1
931.762	n/a	466.881	Picture	blank
932	n/a	467	Pulse	50
933.778	n/a	467.889	Picture	FIX 3764
934	n/a	468	Pulse	50
935.546	n/a	468.773	Sound	14 Start File 069.wav
935.61	n/a	468.805	Nothing	1 Audio onset
936	n/a	469	Pulse	50
937.742	n/a	469.871	Nothing	2 Target
938	n/a	470	Pulse	50
938.72	n/a	470.36	Nothing	15 End of file
938.746	n/a	470.373	Picture	blank
940	n/a	471	Pulse	50
940.762	n/a	471.381	Picture	FIX 3860
942	n/a	472	Pulse	50
942.626	n/a	472.313	Sound	14 Start File 313.wav
942.684	n/a	472.342	Nothing	5 Audio onset
944	n/a	473	Pulse	50
945.56	n/a	473.78	Nothing	6 Target
946	n/a	474	Pulse	50
946.818	n/a	474.409	Nothing	15 End of file
947.144	n/a	474.572	Picture	WOORDEN
948	n/a	475	Pulse	50
948.862	n/a	475.431	Picture	blank
950	n/a	476	Pulse	50
950.878	n/a	476.439	Picture	FIX 3761
952	n/a	477	Pulse	50
952.642	n/a	477.321	Sound	14 Start File 893.wav
952.7	n/a	477.35	Nothing	7 Audio onset
954	n/a	478	Pulse	50
956	n/a	479	Pulse	50
956.58	n/a	479.29	Nothing	8 Target
958	n/a	480	Pulse	50
959.314	n/a	480.657	Nothing	15 End of file
959.328	n/a	480.664	Picture	blank
960	n/a	481	Pulse	50
961.344	n/a	481.672	Picture	FIX 3274
962	n/a	482	Pulse	50
962.63	n/a	482.315	Sound	14 Start File 530.wav
962.708	n/a	482.354	Nothing	3 Audio onset
964	n/a	483	Pulse	50
966	n/a	484	Pulse	50
966.314	n/a	484.157	Nothing	4 Target
968	n/a	485	Pulse	50
970	n/a	486	Pulse	50
970.994	n/a	486.497	Nothing	15 End of file
971.01	n/a	486.505	Picture	blank
972	n/a	487	Pulse	50
973.026	n/a	487.513	Picture	FIX 4139
974	n/a	488	Pulse	50
975.188	n/a	488.594	Sound	14 Start File 650.wav
975.27	n/a	488.635	Nothing	3 Audio onset
976	n/a	489	Pulse	50
977.468	n/a	489.734	Nothing	4 Target
978	n/a	490	Pulse	50
980	n/a	491	Pulse	50
982	n/a	492	Pulse	50
982.74	n/a	492.37	Nothing	15 End of file
983.692	n/a	492.846	Picture	QUESTION 650
984	n/a	493	Pulse	50
984.578	n/a	493.289	Response	2
984.592	n/a	493.296	Picture	blank
986	n/a	494	Pulse	50
986.61	n/a	494.305	Picture	FIX 4135
988	n/a	495	Pulse	50
988.75	n/a	495.375	Sound	14 Start File 825.wav
988.826	n/a	495.413	Nothing	7 Audio onset
990	n/a	496	Pulse	50
991.332	n/a	496.666	Nothing	8 Target
992	n/a	497	Pulse	50
994	n/a	498	Pulse	50
994.332	n/a	498.166	Nothing	15 End of file
994.36	n/a	498.18	Picture	blank
996	n/a	499	Pulse	50
996.376	n/a	499.188	Picture	FIX 3272
997.656	n/a	499.828	Sound	14 Start File 775.wav
997.76	n/a	499.88	Nothing	7 Audio onset
998	n/a	500	Pulse	50
1000	n/a	501	Pulse	50
1002	n/a	502	Pulse	50
1004	n/a	503	Pulse	50
1004.732	n/a	503.366	Nothing	8 Target
1005.802	n/a	503.901	Nothing	15 End of file
1006	n/a	504	Pulse	50
1006.776	n/a	504.388	Picture	QUESTION 775
1008	n/a	505	Pulse	50
1008.406	n/a	505.203	Response	2
1008.726	n/a	505.363	Picture	ZINNEN
1010	n/a	506	Pulse	50
1010.442	n/a	506.221	Picture	blank
1012	n/a	507	Pulse	50
1012.458	n/a	507.229	Picture	FIX 3379
1013.842	n/a	507.921	Sound	14 Start File 192.wav
1013.902	n/a	507.951	Nothing	1 Audio onset
1014	n/a	508	Pulse	50
1015.182	n/a	508.591	Nothing	2 Target
1016	n/a	509	Pulse	50
1018	n/a	510	Pulse	50
1018.446	n/a	510.223	Nothing	15 End of file
1019.058	n/a	510.529	Picture	QUESTION 192
1020	n/a	511	Pulse	50
1021.596	n/a	511.798	Response	2
1021.608	n/a	511.804	Picture	blank
1022	n/a	512	Pulse	50
1023.624	n/a	512.812	Picture	FIX 4149
1024	n/a	513	Pulse	50
1025.782	n/a	513.891	Sound	14 Start File 262.wav
1025.796	n/a	513.898	Nothing	5 Audio onset
1026	n/a	514	Pulse	50
1026.654	n/a	514.327	Nothing	6 Target
1028	n/a	515	Pulse	50
1029.674	n/a	515.837	Nothing	15 End of file
1029.69	n/a	515.845	Picture	blank
1030	n/a	516	Pulse	50
1031.708	n/a	516.854	Picture	FIX 3370
1032	n/a	517	Pulse	50
1033.084	n/a	517.542	Sound	14 Start File 214.wav
1033.208	n/a	517.604	Nothing	5 Audio onset
1034	n/a	518	Pulse	50
1035.032	n/a	518.516	Nothing	6 Target
1036	n/a	519	Pulse	50
1037.442	n/a	519.721	Nothing	15 End of file
1037.456	n/a	519.728	Picture	blank
1038	n/a	520	Pulse	50
1039.474	n/a	520.737	Picture	FIX 3880
1040	n/a	521	Pulse	50
1041.366	n/a	521.683	Sound	14 Start File 347.wav
1041.436	n/a	521.718	Nothing	5 Audio onset
1042	n/a	522	Pulse	50
1044	n/a	523	Pulse	50
1045.438	n/a	523.719	Nothing	6 Target
1046	n/a	524	Pulse	50
1047.354	n/a	524.677	Nothing	15 End of file
1047.374	n/a	524.687	Picture	blank
1048	n/a	525	Pulse	50
1049.39	n/a	525.695	Picture	FIX 3685
1050	n/a	526	Pulse	50
1051.076	n/a	526.538	Sound	14 Start File 251.wav
1051.12	n/a	526.56	Nothing	5 Audio onset
1052	n/a	527	Pulse	50
1052.024	n/a	527.012	Nothing	6 Target
1054	n/a	528	Pulse	50
1054.874	n/a	528.437	Nothing	15 End of file
1055.19	n/a	528.595	Picture	WOORDEN
1056	n/a	529	Pulse	50
1056.906	n/a	529.453	Picture	blank
1058	n/a	530	Pulse	50
1058.922	n/a	530.461	Picture	FIX 3681
1060	n/a	531	Pulse	50
1060.612	n/a	531.306	Sound	14 Start File 577.wav
1060.674	n/a	531.337	Nothing	3 Audio onset
1062	n/a	532	Pulse	50
1064	n/a	533	Pulse	50
1066	n/a	534	Pulse	50
1066.126	n/a	534.063	Nothing	4 Target
1068	n/a	535	Pulse	50
1068.792	n/a	535.396	Nothing	15 End of file
1068.822	n/a	535.411	Picture	blank
1070	n/a	536	Pulse	50
1070.838	n/a	536.419	Picture	FIX 3955
1072	n/a	537	Pulse	50
1072.8	n/a	537.4	Sound	14 Start File 592.wav
1072.87	n/a	537.435	Nothing	3 Audio onset
1074	n/a	538	Pulse	50
1074.696	n/a	538.348	Nothing	4 Target
1076	n/a	539	Pulse	50
1078	n/a	540	Pulse	50
1080	n/a	541	Pulse	50
1080.472	n/a	541.236	Nothing	15 End of file
1080.504	n/a	541.252	Picture	blank
1082	n/a	542	Pulse	50
1082.522	n/a	542.261	Picture	FIX 3439
1083.966	n/a	542.983	Sound	14 Start File 882.wav
1083.988	n/a	542.994	Nothing	7 Audio onset
1084	n/a	543	Pulse	50
1085.702	n/a	543.851	Nothing	8 Target
1086	n/a	544	Pulse	50
1088	n/a	545	Pulse	50
1090	n/a	546	Pulse	50
1091.818	n/a	546.909	Nothing	15 End of file
1091.838	n/a	546.919	Picture	blank
1092	n/a	547	Pulse	50
1093.854	n/a	547.927	Picture	FIX 3550
1094	n/a	548	Pulse	50
1095.41	n/a	548.705	Sound	14 Start File 561.wav
1095.474	n/a	548.737	Nothing	3 Audio onset
1096	n/a	549	Pulse	50
1098	n/a	550	Pulse	50
1100	n/a	551	Pulse	50
1100.998	n/a	551.499	Nothing	4 Target
1102	n/a	552	Pulse	50
1102.718	n/a	552.359	Nothing	15 End of file
1103.668	n/a	552.834	Picture	QUESTION 561
1104	n/a	553	Pulse	50
1104.814	n/a	553.407	Response	1
1104.836	n/a	553.418	Picture	blank
1106	n/a	554	Pulse	50
1106.854	n/a	554.427	Picture	FIX 4139
1108	n/a	555	Pulse	50
1109.002	n/a	555.501	Sound	14 Start File 671.wav
1109.07	n/a	555.535	Nothing	3 Audio onset
1110	n/a	556	Pulse	50
1111.352	n/a	556.676	Nothing	4 Target
1112	n/a	557	Pulse	50
1114	n/a	558	Pulse	50
1115.746	n/a	558.873	Nothing	15 End of file
1116	n/a	559	Pulse	50
1116.07	n/a	559.035	Picture	ZINNEN
1117.786	n/a	559.893	Picture	blank
1118	n/a	560	Pulse	50
1119.802	n/a	560.901	Picture	FIX 3348
1120	n/a	561	Pulse	50
1121.154	n/a	561.577	Sound	14 Start File 292.wav
1121.212	n/a	561.606	Nothing	5 Audio onset
1122	n/a	562	Pulse	50
1124	n/a	563	Pulse	50
1124.064	n/a	563.032	Nothing	6 Target
1125.672	n/a	563.836	Nothing	15 End of file
1125.686	n/a	563.843	Picture	blank
1126	n/a	564	Pulse	50
1127.702	n/a	564.851	Picture	FIX 3860
1128	n/a	565	Pulse	50
1129.56	n/a	565.78	Sound	14 Start File 021.wav
1129.634	n/a	565.817	Nothing	1 Audio onset
1130	n/a	566	Pulse	50
1132	n/a	567	Pulse	50
1132.292	n/a	567.146	Nothing	2 Target
1134	n/a	568	Pulse	50
1134.156	n/a	568.078	Nothing	15 End of file
1134.186	n/a	568.093	Picture	blank
1136	n/a	569	Pulse	50
1136.202	n/a	569.101	Picture	FIX 4159
1138	n/a	570	Pulse	50
1138.362	n/a	570.181	Sound	14 Start File 128.wav
1138.41	n/a	570.205	Nothing	1 Audio onset
1140	n/a	571	Pulse	50
1141.034	n/a	571.517	Nothing	2 Target
1141.92	n/a	571.96	Nothing	15 End of file
1142	n/a	572	Pulse	50
1142.534	n/a	572.267	Picture	QUESTION 128
1143.47	n/a	572.735	Response	1
1143.484	n/a	572.742	Picture	blank
1144	n/a	573	Pulse	50
1145.502	n/a	573.751	Picture	FIX 4126
1146	n/a	574	Pulse	50
1147.638	n/a	574.819	Sound	14 Start File 037.wav
1147.7	n/a	574.85	Nothing	1 Audio onset
1148	n/a	575	Pulse	50
1150	n/a	576	Pulse	50
1150.146	n/a	576.073	Nothing	2 Target
1152	n/a	577	Pulse	50
1152.206	n/a	577.103	Nothing	15 End of file
1152.234	n/a	577.117	Picture	blank
1154	n/a	578	Pulse	50
1154.25	n/a	578.125	Picture	FIX 3437
1155.69	n/a	578.845	Sound	14 Start File 315.wav
1155.706	n/a	578.853	Nothing	5 Audio onset
1156	n/a	579	Pulse	50
1157.784	n/a	579.892	Nothing	6 Target
1158	n/a	580	Pulse	50
1160	n/a	581	Pulse	50
1160.684	n/a	581.342	Nothing	15 End of file
1161.318	n/a	581.659	Picture	QUESTION 315
1162	n/a	582	Pulse	50
1164	n/a	583	Pulse	50
1164.278	n/a	583.139	Response	2
1164.6	n/a	583.3	Picture	WOORDEN
1166	n/a	584	Pulse	50
1166.316	n/a	584.158	Picture	blank
1168	n/a	585	Pulse	50
1168.334	n/a	585.167	Picture	FIX 3632
1169.98	n/a	585.99	Sound	14 Start File 654.wav
1170	n/a	586	Pulse	50
1170.316	n/a	586.158	Nothing	3 Audio onset
1171.392	n/a	586.696	Nothing	4 Target
1172	n/a	587	Pulse	50
1174	n/a	588	Pulse	50
1176	n/a	589	Pulse	50
1178	n/a	590	Pulse	50
1179.594	n/a	590.797	Nothing	15 End of file
1180	n/a	591	Pulse	50
1180.566	n/a	591.283	Picture	QUESTION 654
1182	n/a	592	Pulse	50
1183.086	n/a	592.543	Response	1
1183.1	n/a	592.55	Picture	blank
1184	n/a	593	Pulse	50
1185.116	n/a	593.558	Picture	FIX 3503
1186	n/a	594	Pulse	50
1186.628	n/a	594.314	Sound	14 Start File 891.wav
1186.688	n/a	594.344	Nothing	7 Audio onset
1188	n/a	595	Pulse	50
1190	n/a	596	Pulse	50
1190.602	n/a	596.301	Nothing	8 Target
1192	n/a	597	Pulse	50
1194	n/a	598	Pulse	50
1196	n/a	599	Pulse	50
1196.234	n/a	599.117	Nothing	15 End of file
1196.266	n/a	599.133	Picture	blank
1198	n/a	600	Pulse	50
1198.282	n/a	600.141	Picture	FIX 3859
1200	n/a	601	Pulse	50
1200.158	n/a	601.079	Sound	14 Start File 806.wav
1200.316	n/a	601.158	Nothing	7 Audio onset
1202	n/a	602	Pulse	50
1202.448	n/a	602.224	Nothing	8 Target
1204	n/a	603	Pulse	50
1206	n/a	604	Pulse	50
1207.852	n/a	604.926	Nothing	15 End of file
1207.864	n/a	604.932	Picture	blank
1208	n/a	605	Pulse	50
1209.882	n/a	605.941	Picture	FIX 3202
1210	n/a	606	Pulse	50
1211.096	n/a	606.548	Sound	14 Start File 610.wav
1211.126	n/a	606.563	Nothing	3 Audio onset
1212	n/a	607	Pulse	50
1213.944	n/a	607.972	Nothing	4 Target
1214	n/a	608	Pulse	50
1216	n/a	609	Pulse	50
1218	n/a	610	Pulse	50
1218.832	n/a	610.416	Nothing	15 End of file
1218.848	n/a	610.424	Picture	blank
1220	n/a	611	Pulse	50
1220.864	n/a	611.432	Picture	FIX 4000
1222	n/a	612	Pulse	50
1222.87	n/a	612.435	Sound	14 Start File 611.wav
1222.926	n/a	612.463	Nothing	3 Audio onset
1224	n/a	613	Pulse	50
1226	n/a	614	Pulse	50
1228	n/a	615	Pulse	50
1228.41	n/a	615.205	Nothing	4 Target
1229.174	n/a	615.587	Nothing	15 End of file
1229.498	n/a	615.749	Picture	ZINNEN
1230	n/a	616	Pulse	50
1231.214	n/a	616.607	Picture	blank
1232	n/a	617	Pulse	50
1233.23	n/a	617.615	Picture	FIX 3619
1234	n/a	618	Pulse	50
1234.854	n/a	618.427	Sound	14 Start File 079.wav
1234.92	n/a	618.46	Nothing	1 Audio onset
1236	n/a	619	Pulse	50
1237.06	n/a	619.53	Nothing	2 Target
1238	n/a	620	Pulse	50
1239.136	n/a	620.568	Nothing	15 End of file
1239.164	n/a	620.582	Picture	blank
1240	n/a	621	Pulse	50
1241.18	n/a	621.59	Picture	FIX 3629
1242	n/a	622	Pulse	50
1242.814	n/a	622.407	Sound	14 Start File 124.wav
1242.872	n/a	622.436	Nothing	1 Audio onset
1244	n/a	623	Pulse	50
1245.49	n/a	623.745	Nothing	2 Target
1246	n/a	624	Pulse	50
1246.642	n/a	624.321	Nothing	15 End of file
1246.662	n/a	624.331	Picture	blank
1248	n/a	625	Pulse	50
1248.68	n/a	625.34	Picture	FIX 3857
1250	n/a	626	Pulse	50
1250.542	n/a	626.271	Sound	14 Start File 261.wav
1250.596	n/a	626.298	Nothing	5 Audio onset
1252	n/a	627	Pulse	50
1252.4	n/a	627.2	Nothing	6 Target
1254	n/a	628	Pulse	50
1254.848	n/a	628.424	Nothing	15 End of file
1254.862	n/a	628.431	Picture	blank
1256	n/a	629	Pulse	50
1256.88	n/a	629.44	Picture	FIX 3726
1258	n/a	630	Pulse	50
1258.61	n/a	630.305	Sound	14 Start File 295.wav
1258.66	n/a	630.33	Nothing	5 Audio onset
1260	n/a	631	Pulse	50
1260.792	n/a	631.396	Nothing	6 Target
1262	n/a	632	Pulse	50
1262.344	n/a	632.172	Nothing	15 End of file
1262.362	n/a	632.181	Picture	blank
1264	n/a	633	Pulse	50
1264.378	n/a	633.189	Picture	FIX 3691
1266	n/a	634	Pulse	50
1266.074	n/a	634.037	Sound	14 Start File 010.wav
1266.14	n/a	634.07	Nothing	1 Audio onset
1267.386	n/a	634.693	Nothing	2 Target
1268	n/a	635	Pulse	50
1270	n/a	636	Pulse	50
1270.212	n/a	636.106	Nothing	15 End of file
