Transcription,AlignOnset,OnsetPhoneme,OffsetPhoneme
zijn,9.816,z,n
grond,10.576,x,t
dader,11.236,n,r
de,12.016,d,@
goudvoorraad,12.456,x,t
onder,13.506,O,r
kluis,14.166,k,s
de,14.826,d,@
een,15.276,e:,n
in,15.816,I,n
bewaart,16.306,b,t
gemene,17.106,x,@
hield,21.482,h,t
die,22.122,d,i
de,22.602,d,@
eenvoudige,23.212,e:,@
open,24.212,o:,@
serveerster,24.882,s,r
boerin,26.022,b,n
behulpzame,26.712,b,@
de,27.762,d,@
hielp,28.192,h,p
deur,28.542,d,r
de,28.812,d,@
netjes,29.752,n,s
vastgelegd,33.938,v,t
ingang,34.958,I,N
beroving,35.648,b,N
camera,36.498,k,a:
verborgen,37.208,v,@
boven,38.148,b,@
door,38.798,d,r
werd,39.398,w,t
brute,39.988,b,@
de,40.658,d,@
een,41.118,e:,n
de,41.638,d,@
bellen,45.392,b,@
vrolijke,46.182,v,@
na,46.992,n,a:
van,47.642,v,n
een,48.202,e:,N
het,48.732,@,t
taxi,49.272,t,i
feest,50.322,f,t
afloop,50.922,A,p
dames,51.602,n,s
gezellige,52.322,x,@
de,53.212,d,@
voor,57.374,v,r
diepe,58.124,d,@
de,58.764,d,@
een,59.214,e:,n
maakte,59.754,m,@
buiging,60.404,b,N
koningin,61.184,k,n
nieuwe,62.024,n,@
man,62.694,m,n
de,63.224,d,@
Aan,71.186,a:,n
onstuimige,71.436,O,@
tieners,72.206,t,s
die,72.736,d,i
hun,72.976,h,n
gang,73.086,x,N
gaan,73.356,x,n
valt,73.726,v,l
doorgaans,73.956,d,s
weinig,74.476,w,x
te,74.886,t,@
doen,75.016,d,n
Alleen,78.964,A,n
in,79.344,I,n
ons,79.504,O,s
eigen,79.684,Ei,@
bedrijf,80.044,b,f
geldt,80.514,x,l
de,80.764,d,@
verlaging,80.914,v,N
voor,81.464,v,r
reparaties,81.604,r,s
De,86.22,d,@
ouders,86.41,Au,s
die,86.91,d,i
de,87.07,d,@
angstige,87.19,A,@
dochters,87.77,d,s
bevrijden,88.15,b,@
gingen,88.78,x,@
opgelucht,89.1449886621315,O,t
naar,89.66,n,r
huis,89.86,h,s
De,86.22,d,@
onervaren,86.42,O,@
musicus,87.13,m,s
die,87.89,d,i
de,88.04,d,@
dure,88.21,d,@
zwarte,88.57,z,@
piano,89.04,p,o:
gestemd,89.46,x,t
heeft,89.92,h,t
was,90.33,w,s
zenuwachtig,90.55,z,x
Om,86.22,O,m
niet,86.42,n,t
herkend,86.63,h,n
te,87.12,t,@
worden,87.23,w,@
droeg,87.68,d,x
de,87.92,d,@
overvaller,88.07,o:,r
een,88.71,e:,n
blonde,88.84,b,@
pruik,89.14,p,k
met,89.51,m,t
krullen,89.69,k,@
De,86.22,d,@
barones,86.44,b,s
nodigde,87.13,n,@
een,87.64,e:,n
aantal,87.92,a:,l
gasten,88.27,x,@
uit,88.75,ui,t
voor,89.06,v,r
een,89.26,e:,n
heerlijk,89.35,h,k
diner,89.79,d,e:
met,90.17,m,t
dure,90.36,d,@
wijnen,90.72,w,@
gingen,86.22,x,@
die,86.93,d,i
huis,87.38,h,s
ouders,88.02,Au,s
opgelucht,88.71,O,t
dochters,89.63,d,s
angstige,90.51,A,@
bevrijden,91.32,b,@
de,92.2,d,@
de,92.67,d,@
naar,93.11,n,r
dure,86.22,d,@
die,86.92,d,i
zwarte,87.36,z,@
onervaren,88.1,O,@
gestemd,89.22,x,t
de,90.11,d,@
musicus,90.52,m,s
piano,91.32,p,o:
de,92.15,d,@
zenuwachtig,92.58,z,x
heeft,93.79,h,t
was,94.42,w,s
worden,86.22,w,@
te,86.82,t,@
niet,87.22,n,t
krullen,87.76,k,@
met,88.38,m,t
blonde,88.94,b,@
een,89.59,e:,n
om,90.14,O,m
de,90.61,d,@
herkend,91.08,h,n
pruik,91.87,p,k
overvaller,92.43,o:,r
droeg,93.37,d,x
gasten,86.22,x,@
heerlijk,87.01,h,k
de,87.72,d,@
uit,88.33,ui,t
dure,88.84,d,@
een,89.46,e:,n
met,89.99,m,t
barones,90.65,b,s
aantal,91.48,a:,l
nodigde,92.17,n,@
diner,93.02,d,e:
een,93.67,e:,n
voor,94.42,v,r
wijnen,95.02,w,@
Patricia,93.886,p,a:
die,94.786,d,i
hard,94.946,h,t
geleerd,95.186,x,t
had,95.626,h,t
haalde,95.896,h,@
voor,96.3409886621315,v,r
het,96.506,@,t
moeilijke,96.576,m,@
tentamen,97.046,t,@
een,97.686,e:,n
hoog,97.836,h,x
punt,98.136,p,t
De,102.45,d,@
trui,102.66,t,ui
die,103.02,d,i
in,103.26,I,n
de,103.36,d,@
nieuwe,103.43,n,@
droger,103.83,d,r
terecht,104.31,t,t
was,104.68,w,s
gekomen,104.84,x,@
paste,105.51,p,@
niet,105.88,n,t
meer,106.07,m,r
als,112.376,A,s
race,113.166,r,s
in,113.886,I,n
derde,114.356,n,@
laatste,115.286,l,@
de,116.106,d,@
eindigde,116.636,Ei,@
paard,117.386,p,t
het,118.186,@,t
olympisch,118.766,o:,s
de,123.254,d,@
de,123.744,d,@
zwembad,124.174,z,t
dorre,125.034,d,@
door,125.624,d,r
vallen,126.324,v,@
bladeren,126.884,b,@
het,127.764,@,t
in,128.314,I,n
wind,128.924,w,t
was,133.4,w,s
die,134.01,d,i
de,134.46,d,@
ten,134.84,t,n
inbreker,135.34,I,r
pastoor,136.25,p,r
gekrenkte,136.8,x,@
smeekte,138.04,s,@
de,139.04,d,@
raad,139.52,r,t
einde,140.13,Ei,@
flessen,144.376,f,@
rijke,145.056,r,@
van,145.826,v,n
wijn,146.346,w,n
cadeau,146.926,k,o:
de,147.546,d,@
bij,148.016,b,Ei
fles,148.546,f,s
een,149.246,e:,n
krijgen,149.766,k,@
toeristen,150.426,t,@
twaalf,151.246,t,f
de,151.976,d,@
aankoop,152.446,a:,p
ter,157.244,t,r
Nederland,157.764,n,t
accountants,158.654,A,s
op,159.624,O,p
ook,160.064,o:,k
staat,160.604,s,t
toezicht,161.314,t,t
discussie,162.074,d,i
in,162.934,I,n
strenge,163.424,s,@
het,164.254,@,t
Om,170.686,O,m
de,170.906,d,@
lekkages,170.996,l,s
in,171.766,I,n
de,171.966,d,@
oude,172.056,Au,@
kerk,172.356,k,k
te,172.736,t,@
verhelpen,172.876,v,@
zoekt,173.656,z,k
de,173.890988662132,d,@
vrome,174.046,v,@
dominee,174.466,d,e:
een,175.066,e:,n
loodgieter,175.196,l,r
De,179.598,d,@
bands,179.808,b,s
die,180.178,d,i
erg,180.358,E,x
populair,180.578,p,r
zijn,181.158,z,n
brengen,181.538,b,@
enorme,181.878,e:,@
tenten,182.458,t,@
met,182.788,m,t
zich,182.978,z,x
mee,183.188,m,e:
Rosa,187.174,r,a:
die,187.854,d,i
de,188.004,d,@
prachtige,188.174,p,@
bruiloft,188.744,b,f
bedacht,189.164,b,t
had,189.614,h,t
moest,189.914,m,t
huilen,190.134,h,@
van,190.524,v,n
vreugde,190.694,v,@
Onze,195.456,O,@
verhitte,195.816,v,@
discussie,196.306,d,i
die,196.986,d,i
op,197.226,O,p
niks,197.316,n,s
uitdraaide,197.626,ui,@
heeft,198.306,h,t
weinig,198.596,w,x
zin,198.966,z,n
gehad,199.206,x,t
De,202.944,d,@
voorzitter,203.144,v,r
werd,203.844,w,t
door,204.104,d,r
het,204.254,@,t
voltallige,204.444,v,@
bestuur,205.084,b,r
ontslagen,205.614,O,@
wegens,206.444,w,s
wangedrag,206.824,w,x
had,212.846,h,t
dat,213.476,d,t
Joris,213.966,j,s
penseel,214.656,p,l
was,215.486,w,s
stevige,216.086,s,@
van,216.956,v,n
het,217.546,@,t
de,218.056,d,@
weg,218.496,w,x
korte,219.006,k,@
voorkeur,219.716,v,r
puber,227.272,p,r
verjaardag,227.852,v,x
een,228.742,e:,N
en,229.312,E,n
helm,229.802,h,m
zijn,230.432,z,n
zestiende,231.122,z,@
de,232.062,d,@
kreeg,232.472,k,x
brommer,233.092,b,r
een,233.822,e:,N
op,234.382,O,p
cadeau,234.772,k,o:
stoere,235.492,s,r
dat,242.318,d,t
een,242.878,e:,n
had,243.388,h,t
mijn,243.908,m,n
was,244.488,w,s
heerlijk,245.028,h,k
dooier,245.658,d,r
ei,246.428,Ei,Ei
kapotte,246.858,k,@
gebakken,247.668,x,@
boer,254.26,b,r
op,254.92,O,p
nog,255.34,n,x
het,255.87,@,t
door,256.44,d,r
boerendorp,257.01,b,p
klompen,257.86,k,@
die,258.56,d,i
loopt,259.04,l,t
ouderwetse,259.61,Au,@
keek,266.262,k,k
viel,266.982,v,l
kwaad,267.482,k,t
bioloog,268.072,b,x
de,268.752,d,@
bukte,269.182,b,@
die,269.802,d,i
erg,270.262,E,x
botte,270.812,b,@
erg,271.432,E,x
en,272.222,E,n
Op,278.092,O,p
een,278.352,e:,n
kortere,278.532,k,@
termijn,279.052,t,n
vertrok,279.602,v,k
het,280.092,@,t
gezelschap,280.222,x,p
naar,280.972,n,r
de,281.322,d,@
bus,281.682,b,s
in,285.742,I,n
het,285.952,@,t
kantoor,286.082,k,r
stond,286.622,s,n
de,286.882,d,@
vrouw,287.052,v,w
bij,287.372,b,Ei
de,287.542,d,@
drukke,287.652,d,@
balie,287.982,b,i
voor,288.422,v,r
de,288.612,d,@
aangiftes,288.722,a:,s
Het,293.742,@,t
belegde,293.992,b,@
bruine,294.522,b,@
bolletje,294.922,b,@
dat,295.422,d,t
op,295.672,O,p
het,295.832,@,t
aanrecht,296.022,a:,t
ligt,296.432,l,t
is,296.802,I,s
vers,296.982,v,s
De,300.874,d,@
ontwerper,301.034,O,r
die,301.814,d,i
de,301.964,d,@
koningin,302.074,k,n
kleding,302.664,k,N
verkoopt,303.094,v,p
is,303.564,I,s
erg,303.728988662132,E,x
creatief,304.134,k,f
Mijn,300.874,m,n
gebakken,301.224,x,@
ei,301.694,Ei,Ei
dat,302.074,d,t
een,302.314,e:,n
kapotte,302.424,k,@
dooier,302.924,d,r
had,303.264,h,t
was,303.584,w,s
heerlijk,303.784,h,k
Er,300.874,E,r
waren,301.114,w,@
veel,301.454,v,l
artsen,301.728988662132,A,s
in,302.034,I,n
de,302.234,d,@
stad,302.334,s,t
vanwege,302.764,v,@
een,303.194,e:,n
belangrijke,303.374,b,@
bespreking,303.984,b,N
over,304.654,o:,r
chirurgie,304.974,S,i
Oma,300.874,o:,a:
gaat,301.294,x,a:
nog,301.474,n,x
steeds,301.694,s,s
iedere,302.168988662132,i,@
donderdag,302.574,d,x
naar,303.174,n,r
de,303.374,d,d
kerk,303.454,k,k
voor,303.804,v,r
de,303.924,d,@
ochtendmis,304.024,O,s
is,300.874,I,s
verkoopt,301.464,v,t
de,302.254,d,@
erg,302.654,E,x
ontwerper,303.294,O,r
kleding,304.234,k,N
koningin,305.034,k,n
creatief,305.894,k,f
die,306.714,d,i
de,307.154,d,@
dat,300.874,d,t
een,301.434,e:,n
had,301.944,h,t
mijn,302.464,m,n
was,303.044,w,s
heerlijk,303.584,h,k
dooier,304.214,d,r
ei,304.984,Ei,Ei
kapotte,305.414,k,@
gebakken,306.224,x,@
veel,300.874,v,l
vanwege,301.614,v,@
stad,302.434,s,t
een,303.194,e:,n
over,303.794,o:,r
in,304.424,I,n
er,304.904,E,r
de,305.344,d,@
waren,305.694,w,@
chirurgie,306.344,S,i
bespreking,307.174,b,N
artsen,308.124,A,@
belangrijke,308.764,b,@
de,300.874,d,@
iedere,301.384,i,@
de,301.974,d,@
naar,302.434,n,r
steeds,303.324,s,s
donderdag,304.124,d,x
oma,304.974,o:,a:
nog,305.674,n,x
gaat,306.294,x,t
kerk,306.924,k,k
ochtendmis,307.564,O,s
voor,308.644,v,r
Maandag,308.106,m,x
heeft,308.656,h,f
de,308.956,d,@
aardige,309.076,a:,@
docent,309.516,d,n
die,310.016,d,i
de,310.196,d,@
scholier,310.316,s,r
onderwijst,310.836,O,t
een,311.536,e:,n
vrije,311.666,v,@
dag,312.196,d,x
Ton,308.106,t,n
die,308.636,d,i
dit,308.846,d,I
prachtige,309.056,p,@
paradijs,309.636,p,s
had,310.166,h,t
ontdekt,310.356,O,k
wilde,310.796,w,@
het,311.316,@,t
verborgen,311.496,v,@
houden,312.016,h,@
De,308.106,d,@
lachwekkende,308.246,l,@
clowns,308.896,k,s
vermaken,309.356,v,@
met,309.946,m,t
talloze,310.206,t,@
dwaasheden,310.716,d,@
het,311.376,@,t
laaiend,311.526,l,n
enthousiaste,311.986,E,@
publiek,312.696,p,k
Na,308.106,n,a:
afloop,308.456,A,p
van,308.886,v,n
het,309.026,@,t
gezellige,309.136,x,@
feest,309.746,f,t
bellen,310.396,b,@
de,310.686,d,@
vrolijke,310.836,v,@
dames,311.376,d,s
een,311.836,e:,n
taxi,311.996,t,i
heeft,308.106,h,t
onderwijst,309.076,O,t
aardige,310.116,a:,@
maandag,310.926,m,x
docent,311.696,d,t
de,312.566,d,@
die,313.026,d,i
dag,313.456,d,x
een,313.966,e:,n
de,314.526,d,@
scholier,314.926,s,r
vrije,315.816,v,@
wilde,308.106,w,@
had,308.776,h,t
houden,309.266,h,@
verborgen,310.046,v,@
paradijs,310.946,p,s
dit,311.876,d,t
die,312.346,d,i
ontdekt,312.796,O,k
Ton,313.296,t,n
prachtige,313.966,p,@
het,314.846,@,t
lachwekkende,308.106,l,@
laaiend,309.146,l,t
met,309.906,m,t
de,310.496,d,@
het,310.896,@,t
vermaken,311.466,v,@
dwaasheden,312.306,d,@
publiek,313.266,p,k
clowns,313.946,k,s
talloze,314.646,t,@
enthousiaste,315.436,E,@
bellen,308.106,b,@
vrolijke,308.896,v,@
na,309.706,n,a:
van,310.356,v,n
een,310.916,e:,N
het,311.446,@,t
taxi,311.986,t,i
feest,313.036,f,t
afloop,313.636,A,p
dames,314.316,n,s
gezellige,315.036,x,@
de,315.926,d,@
zijn,317.752,z,n
die,318.502,d,i
winst,318.952,w,t
zijn,319.632,z,n
hoog,320.272,h,x
verkoper,320.892,v,r
vlotte,321.872,v,@
erg,322.522,E,x
producten,323.042,p,@
de,323.882,d,@
vanwege,324.392,v,@
babbel,325.302,b,l
van,326.042,v,n
over,326.552,o:,r
is,327.282,I,s
uitslag,331.348,ui,x
assistent,332.138,A,t
de,333.098,d,@
kreeg,333.478,k,x
de,333.858,d,@
behandelde,334.108,b,@
week,335.388,w,k
vorige,336.148,v,@
tanden,336.858,t,@
die,337.488,d,i
bruine,337.948,b,@
de,338.628,d,@
steelt,342.66,s,t
groenteboer,343.56,x,r
de,344.56,d,@
fruit,345.03,f,t
bedelaar,345.77,b,r
van,346.82,v,n
lompen,347.38,l,@
in,348.09,I,n
gehulde,348.54,x,@
de,349.45,d,@
jaar,353.828,j,r
een,354.578,e:,n
was,355.068,w,s
drie,355.708,d,i
Hawaii,356.208,h,j
overwinning,357.028,o:,N
in,357.938,I,n
derde,358.438,d,@
het,359.108,@,t
tijd,359.658,t,t
prachtige,360.218,p,@
op,361.128,O,p
sporthal,364.94,s,l
bij,365.84,b,Ei
van,366.46,v,n
talrijke,366.9,t,@
opening,367.76,o:,N
een,368.53,e:,n
de,369.11,d,@
de,369.53,d,@
kregen,370.05,k,@
consumptie,370.74,k,i
bezoekers,371.72,b,s
nieuwe,372.69,n,@
de,373.34,d,@
De,379.818,d,@
arts,380.128,A,s
die,380.538,d,i
de,380.678,d,@
vieze,380.828,v,@
bandage,381.178,b,@
verschoonde,381.788,v,@
trok,382.398,t,k
eerst,382.688,e:,t
plastic,383.048,p,k
handschoenen,383.498,h,@
aan,384.052988662131,a:,n
Mijn,379.818,m,n
aardige,380.128,a:,@
collega,380.608,k,a:
die,381.318,d,i
ingedeeld,381.498,I,t
was,382.008,w,s
in,382.218,I,n
de,382.388,d,@
vroege,382.488,v,@
dienst,382.828,d,t
ging,383.288,x,N
weg,383.538,w,x
Niet,379.818,n,t
alle,380.188,A,@
pillen,380.508,p,@
en,380.728,E,m
blauwe,381.008,b,@
poeders,381.358,p,s
kunnen,381.898,k,@
zonder,382.158,z,r
meer,382.498,m,r
worden,382.788,w,@
ingevoerd,383.038,I,t
Zijn,379.818,z,n
houding,380.168,h,N
lijkt,380.618,l,k
hem,380.898,h,m
vanaf,381.088,v,f
het,381.438,@,t
vroege,381.638,v,@
begin,381.968,b,n
te,382.448,t,@
zijn,382.588,z,n
ingegeven,382.852988662132,I,@
trok,379.818,t,k
de,380.318,d,@
aan,380.798,a:,n
arts,381.268,A,s
plastic,381.898,p,k
bandage,382.618,b,@
de,383.508,d,@
die,383.938,d,i
handschoenen,384.358,h,@
vieze,385.388,v,@
verschoonde,385.978,v,@
eerst,386.928,e:,t
ingedeeld,379.818,I,t
weg,380.698,w,x
mijn,381.308,m,n
was,381.998,w,s
vroege,382.518,v,@
aardige,383.148,a:,@
die,383.898,d,i
in,384.308,I,n
collega,384.828,k,a:
dienst,385.668,d,s
de,386.308,d,@
ging,386.798,x,N
ingevoerd,379.818,I,t
en,380.858,E,n
blauwe,381.438,b,@
meer,382.068,m,r
zonder,382.628,z,r
poeders,383.368,p,s
niet,384.028,n,t
worden,384.548,w,@
kunnen,385.128,k,@
pillen,385.658,p,@
alle,386.178,A,@
hem,379.818,h,m
zijn,380.468,z,n
vanaf,381.258,v,f
ingegeven,381.998,I,@
zijn,383.028,z,n
te,383.698,t,@
houding,384.058,h,N
begin,384.778,b,n
lijkt,385.498,l,k
vroege,386.148,v,@
het,386.838,@,t
Tijdens,389.58,t,s
de,390,d,@
vliegreis,390.15,v,s
mocht,390.81,m,t
het,391.14,@,t
jongetje,391.27,j,@
bij,391.83,b,Ei
de,392,d,d
ervaren,392.03,E,@
piloot,392.66,p,t
in,393.24,I,n
de,393.34,d,@
cockpit,393.45,k,t
kijken,393.92,k,@
Zijn,398.15,z,n
opa,398.58,o:,a:
die,398.98,d,i
doorgaans,399.19,d,s
borrels,399.75,b,s
drinkt,400.1,d,k
is,400.48,I,s
tegen,400.64,t,@
een,400.94,e:,n
boom,401.13,b,m
aan,401.41,a:,n
gereden,401.58,x,@
De,405.434,d,@
basketballers,405.614,b,s
werden,406.434,w,@
vanaf,406.764,v,f
de,407.084,d,@
kleine,407.164,k,@
tribune,407.594,t,@
begeleid,408.104,b,t
door,408.628988662132,d,r
hun,408.754,h,n
coach,408.944,k,S
en,409.334,E,n
trainer,409.524,t,r
in,413.982,I,n
het,414.172,@,t
sprookje,414.322,s,@
zit,414.972,z,t
de,415.152,d,@
koning,415.282,k,N
altijd,415.732,A,t
op,416.202,O,p
zijn,416.352,z,n
gouden,416.572,x,@
troon,416.952,t,n
te,417.322,t,@
niksen,417.442,n,@
de,424.904,d,@
betaalde,425.344,b,@
lachte,426.214,l,@
dronkaard,426.854,d,t
de,427.744,d,@
viel,428.154,v,l
manke,428.724,m,@
toen,429.384,t,n
kruk,429.854,k,k
die,430.464,d,i
om,430.894,O,m
barkeeper,431.404,b,r
de,432.334,d,@
oma,436.758,o:,a:
van,437.488,v,n
toonden,438.108,t,@
breken,438.788,b,@
weinig,439.588,w,x
de,440.278,d,@
na,440.758,n,a:
kinderen,441.298,k,@
het,442.008,@,t
vaas,442.588,v,s
antieke,443.218,A,@
berouw,443.988,b,w
hun,444.718,h,n
de,445.338,d,@
aan,445.818,a:,n
op,450.244,O,p
scholier,450.604,s,r
maandag,451.454,m,x
gelegd,452.154,x,t
de,452.964,d,@
heeft,453.414,h,t
de,454.084,d,@
die,454.534,d,i
treitert,454.934,t,t
punaises,455.704,p,s
meester,456.654,m,r
stoel,457.564,s,l
de,458.254,d,@
alweer,458.744,A,r
gingen,465.226,x,@
bediende,465.946,b,@
die,466.716,d,i
open,467.146,o:,@
wegliep,467.746,w,p
barkeeper,468.496,b,r
klant,469.426,k,t
de,470.016,d,@
irritante,470.336,I,@
de,471.306,d,@
de,471.716,d,@
toen,472.096,t,n
deuren,472.586,d,@
door,476.85,d,r
bij,477.56,b,Ei
helaas,477.9,h,s
personeel,478.79,p,l
directeur,479.66,d,r
machtige,480.69,m,@
de,481.49,d,@
zijn,481.9,z,n
dreef,482.47,d,f
zin,483.19,z,n
zijn,483.82,z,n
De,489.872,d,@
employee,489.972,E,e:
die,490.722,d,i
de,490.862,d,@
ontsnapte,490.932,O,@
dieven,491.552,d,@
beschrijft,491.842,b,t
is,492.412,I,s
erg,492.592,E,x
nauwkeurig,492.956988662132,n,x
De,489.872,d,@
leerling,490.032,l,N
die,490.462,d,i
werd,490.602,w,t
verhoord,490.902,v,t
had,491.422,h,t
de,491.612,d,@
vermiste,491.742,v,@
decaan,492.312,d,n
vermoord,492.782,v,t
De,489.872,d,@
Keukenhof,490.072,k,f
wordt,490.766988662132,w,t
jaarlijks,491.012,j,s
druk,491.492,d,k
bezocht,491.752,b,t
door,492.262,d,r
buitenlandse,492.442,b,@
toeristen,493.102,t,@
met,493.622,m,t
dure,493.862,d,@
fotocamera's,494.162,f,s
Vandaar,489.872,v,r
dat,490.662,d,t
kippen,490.856988662132,k,@
zich,491.222,z,x
op,491.442,O,p
hun,491.602,h,n
magere,491.762,m,@
pootjes,492.312,p,s
staande,492.742,s,@
houden,493.252,h,@
erg,489.872,E,x
de,490.602,d,@
nauwkeurig,491.052,n,x
die,492.112,d,i
beschrijft,492.562,b,f
dieven,493.522,d,@
employee,494.152,E,e:
de,495.052,d,@
is,495.512,I,s
ontsnapte,496.042,O,@
vermoord,489.872,v,t
vermiste,490.862,v,@
de,491.702,d,@
had,492.102,h,t
leerling,492.702,l,N
werd,493.512,w,t
die,494.152,d,i
verhoord,494.702,v,t
decaan,495.602,n,n
de,496.432,d,@
met,489.872,m,t
door,490.512,d,r
Keukenhof,490.882,k,f
druk,491.872,d,k
dure,492.492,d,@
jaarlijks,493.132,j,s
bezocht,493.962,b,t
fotocamera's,494.862,f,s
toeristen,495.792,t,@
de,496.902,d,@
wordt,497.332,w,t
buitenlandse,497.952,b,@
zich,489.872,z,x
magere,490.542,m,@
houden,491.302,h,@
op,491.992,O,p
staande,492.522,s,@
dat,493.402,d,t
vandaar,493.942,v,r
pootjes,494.722,p,s
kippen,495.482,k,@
hun,496.082,h,n
De,497.324,d,@
agent,497.444,a:,n
die,497.964,d,i
de,498.124,d,@
snelste,498.244,s,@
was,498.774,w,s
had,499.014,h,t
de,499.274,d,@
naakte,499.414,n,@
kraker,499.824,k,r
gearresteerd,500.334,x,t
Zijn,497.324,z,n
opa,497.754,o:,a:
die,498.154,d,i
doorgaans,498.364,d,s
borrels,498.924,b,s
drinkt,499.274,d,k
is,499.654,I,s
tegen,499.814,t,@
een,500.114,e:,n
boom,500.304,b,m
aan,500.584,a:,n
gereden,500.754,x,@
Hij,497.324,h,Ei
maakte,497.514,m,@
de,497.964,d,@
verstandige,498.094,v,@
keuze,498.764,k,@
om,499.194,O,m
vlug,499.364,v,x
naar,499.604,n,r
huis,499.864,h,s
te,500.104,t,@
vertrekken,500.214,v,@
in,497.324,I,n
die,497.554,d,i
vrijstaande,497.724,v,@
boerderij,498.384,b,Ei
met,498.964,m,t
royale,499.144,r,@
achtertuin,499.688988662132,A,n
wonen,500.474,w,@
de,500.844,d,@
kennissen,500.984,k,@
van,501.514,v,n
mijn,501.674,m,n
schoonzus,501.864,s,s
naakte,497.324,n,@
de,498.114,d,@
gearresteerd,498.554,x,t
agent,499.804,a:,n
had,500.454,h,t
die,501.114,d,i
de,501.554,d,@
was,502.024,w,s
snelste,502.714,s,@
kraker,503.554,k,r
de,504.404,d,@
boom,497.324,b,m
doorgaans,497.884,d,s
een,498.744,e:,n
gereden,499.224,x,@
borrels,500.064,b,s
zijn,500.804,z,n
drinkt,501.384,d,t
die,501.984,d,i
tegen,502.364,t,@
aan,503.064,a:,n
is,503.574,I,s
opa,504.104,o:,a:
huis,497.324,h,s
vlug,498.104,v,x
hij,498.564,h,Ei
vertrekken,499.204,v,@
keuze,499.964,k,@
de,500.634,d,@
maakte,501.034,m,@
verstandige,501.764,v,@
om,502.734,O,m
naar,503.174,n,r
te,503.844,t,@
de,497.324,d,@
van,497.854,v,n
kennissen,498.404,k,@
boerderij,499.144,b,Ei
mijn,500.034,m,n
die,500.594,d,i
wonen,501.034,w,@
achtertuin,501.714,A,n
met,502.694,m,t
schoonzus,503.384,s,s
vrijstaande,504.434,v,@
in,505.554,I,n
royale,506.074,r,@
Ik,504.796,I,k
kom,504.996,k,m
net,505.216,n,t
terug,505.476,t,x
uit,505.906,ui,t
de,506.046,d,d
heropende,506.096,E,@
dierentuin,506.856,d,n
in,507.446,I,n
Amsterdam,507.626,A,m
Het,512.236,@,t
nieuwe,512.456,n,@
project,512.766,p,k
dat,513.296,d,t
veel,513.576,v,l
geld,513.796,x,t
kost,514.090988662132,k,s
lijkt,514.416,l,k
in,514.766,I,n
het,514.876,@,t
water,515.006,w,r
te,515.456,t,@
vallen,515.556,v,@
Mijn,520.03,m,n
vriendin,520.33,v,n
Mona,520.82,m,a:
is,521.284988662131,I,s
gek,521.47,x,k
op,521.7,O,p
jongens,521.87,j,s
die,522.3,d,i
gemixte,522.48,x,@
drankjes,523.01,d,s
kopen,523.41,k,@
voor,523.83,v,r
haar,524.03,h,r
De,520.03,d,@
beschermheer,520.2,b,r
van,520.98,v,n
Delhi,521.2,d,i
die,521.72,d,i
de,521.86,d,@
heilige,521.96,h,@
tempel,522.43,t,l
bouwde,522.84,b,@
is,523.37,I,s
gestorven,523.564988662131,x,@
in,520.03,I,n
het,520.22,@,t
sprookje,520.37,s,@
zit,521.02,z,t
de,521.2,d,@
koning,521.33,k,N
altijd,521.78,A,t
op,522.25,O,p
zijn,522.4,z,n
gouden,522.62,x,@
troon,523,t,n
te,523.37,t,@
niksen,523.49,n,@
Er,520.03,E,r
komt,520.32,k,t
een,520.59,e:,n
nationaal,520.69,n,l
bestuur,521.25,b,r
om,521.88,O,m
de,521.99,d,@
bureaucratie,522.11,b,i
te,522.89,t,@
bestrijden,523.05,b,@
op,520.03,O,p
gek,520.52,x,k
haar,520.94,h,r
kopen,521.69,k,@
Mona,522.32,m,a:
mijn,522.96,m,n
is,523.68,I,s
jongens,524.24,j,s
vriendin,525.1,v,n
drankjes,525.87,d,s
gemixte,526.67,x,@
die,527.49,d,i
voor,528.01,v,r
van,520.03,v,n
heilige,520.54,h,@
de,521.58,d,@
gestorven,521.96,x,@
Delhi,522.87,n,i
is,523.51,I,s
bouwde,524.02,b,@
tempel,524.69,t,l
beschermheer,525.33,b,r
de,526.49,d,@
die,526.89,d,i
niksen,520.03,n,@
te,520.81,t,@
de,521.29,d,@
in,521.71,I,n
sprookje,522.24,s,@
het,523.14,@,t
zijn,523.59,z,n
zit,524.24,z,t
op,524.77,O,p
altijd,525.12,A,t
troon,525.88,t,n
koning,526.46,k,N
gouden,527.16,x,@
te,520.03,t,@
om,520.48,O,m
komt,520.93,k,t
bestrijden,521.49,b,@
bestuur,522.43,b,r
er,523.33,E,r
bureaucratie,523.84,b,i
nationaal,524.86,n,a:
de,525.78,d,@
een,526.22,e:,n
is,530.074,I,s
wil,530.654,w,l
de,531.254,d,@
boterham,531.704,b,m
meisje,532.584,m,@
verwend,533.404,v,t
pindakaas,534.254,p,s
dat,535.254,d,t
zonder,535.884,z,r
die,536.744,d,i
mensen,540.826,m,@
het,541.736,@,t
naaktlopers,542.246,n,s
koud,543.296,k,t
Haagse,543.816,h,@
het,544.626,@,t
de,545.086,d,@
hebben,545.526,h,@
bordeel,546.176,b,l
in,546.946,I,n
vermaken,547.606,v,@
de,548.516,d,@
die,549.006,d,i
erg,553.52,E,x
heeft,554.14,h,t
docent,555.15,d,t
om,555.98,O,m
te,556.43,t,@
rustige,556.89,r,@
les,557.75,l,s
aan,558.46,a:,n
jaar,559.03,j,r
dit,559.69,d,t
klas,560.19,k,s
een,560.86,e:,N
de,561.51,d,@
geven,561.95,x,@
aardige,562.68,a:,@
spits,566.752,s,s
de,567.632,d,@
gemist,568.072,x,t
trainer,568.842,t,r
de,569.622,d,@
die,570.072,d,i
cruciale,570.512,k,@
had,571.452,h,t
opstelde,571.962,O,@
training,572.802,t,N
een,573.602,e:,n
eigenaar,577.846,Ei,r
eerste,578.726,e:,@
de,579.486,d,@
die,579.926,d,i
oudere,580.346,Au,@
knipoogde,580.936,k,@
de,581.796,d,@
van,582.276,v,n
ontving,582.786,O,N
bezoekers,583.536,b,s
broer,584.436,b,r
de,585.236,d,@
Anke,591.692,A,@
geeft,592.092,x,f
de,592.322,d,@
groene,592.502,x,@
plant,592.892,p,t
wat,593.182,w,t
water,593.372,w,r
met,593.772,m,t
een,593.982,e:,n
gieter,594.082,x,r
De,598.366,d,@
hevige,598.566,h,@
bliksem,599.066,b,m
die,599.566,d,i
een,599.726,e:,n
kilometer,599.876,k,r
verder,600.506,v,r
insloeg,600.866,I,x
zorgde,601.416,z,@
voor,601.756,v,r
brand,601.986,b,t
Overtreders,605.812,o:,s
van,606.682,v,n
de,606.892,d,@
wet,607.032,w,t
kunnen,607.462,k,@
hier,607.722,h,r
rekenen,607.992,r,@
op,608.452,O,p
een,608.672,e:,n
eerlijk,608.792,e:,k
proces,609.162,p,s
met,609.786988662132,m,t
een,610.102,e:,n
onpartijdige,610.232,O,@
rechter,611.342,r,r
Tot,615.84,t,t
ergernis,616.11,E,s
van,616.64,v,n
de,616.85,d,@
strenge,616.95,s,@
beheerder,617.36,b,r
gooien,617.96,x,@
de,618.25,d,@
tieners,618.39,t,s
rotzooi,618.79,r,j
op,619.26,O,p
het,619.42,@,t
terrein,619.51,t,n
Wanneer,623.528,w,r
krijgt,624.028,k,t
die,624.308,d,i
lakse,624.478,l,@
puber,624.918,p,r
nu,625.218,n,y
eindelijk,625.378,Ei,k
eens,625.808,e:,s
zijn,626.028,z,n
diploma,626.228,d,a:
boer,633.094,b,r
niet,633.774,n,t
kleine,634.324,k,@
die,635.074,d,i
serieus,635.584,s,s
ik,636.574,I,k
voert,637.094,v,t
biggetje,637.784,b,@
de,638.524,d,@
neem,638.954,n,m
het,639.584,@,t
feest,643.57,f,t
inhuurde,644.35,I,@
onlangs,645.13,O,s
populaire,645.93,p,@
de,646.93,d,@
die,647.32,d,i
jongeman,647.74,j,n
portier,648.52,p,r
een,649.4,e:,n
gaf,650.01,x,f
de,650.63,d,@
groot,651.1,x,t
lachwekkende,655.528,l,@
laaiend,656.568,l,t
met,657.328,m,t
de,657.918,d,@
het,658.318,@,t
vermaken,658.888,v,@
dwaasheden,659.728,d,@
publiek,660.688,p,k
clowns,661.368,k,s
talloze,662.068,t,@
enthousiaste,662.858,E,@
wrede,669.624,w,@
wanhopig,670.454,w,x
dichter,671.404,d,r
de,672.144,d,@
lezer,672.684,l,r
de,673.424,d,@
vreest,673.854,v,s
vergeten,674.744,v,@
die,675.604,d,i
is,676.004,I,s
oom,679.846,o:,m
onzekere,680.356,O,@
die,681.286,d,i
mijn,681.766,m,n
moest,682.446,m,t
knappe,683.076,k,@
uitnodigde,684.016,ui,@
blondine,684.996,b,@
de,685.836,d,@
lachen,686.256,l,@
Henk,686.896,h,k
Op,692.728,O,p
zijn,692.958,z,n
werk,693.218,w,k
drinkt,693.618,d,k
Peter,693.958,p,r
heel,694.308,h,l
wat,694.438,w,t
koffie,694.738,k,i
met,695.128,m,t
suiker,695.318,s,r
Midden,700.08,m,@
in,700.44,I,n
de,700.57,d,@
stationshal,700.68,s,l
hangt,701.6,h,t
een,701.94,e:,n
grote,702.04,x,@
poster,702.43,p,r
met,702.92,m,t
een,703.14,e:,n
zilveren,703.28,z,@
lijst,703.79,l,t
Je,708.088,j,@
haalt,708.318,a:,t
zo,708.558,z,z
het,708.648,@,t
complete,708.968,k,@
bouwsel,709.668,b,l
uit,710.198,ui,t
zijn,710.358,z,n
verband,710.668,v,t
Tijdens,718.356,t,s
de,718.776,d,@
rumoerige,718.896,r,@
bespreking,719.556,b,N
beslisten,720.426,b,@
de,721.046,d,@
leden,721.176,l,@
de,721.646,d,@
staking,721.776,s,N
voort,722.426,v,t
te,722.766,t,@
zetten,722.896,z,@
De,726.974,d,@
reus,727.164,r,s
die,727.634,d,i
de,727.824,d,@
weg,727.924,w,x
wees,728.164,w,s
aan,728.464,a:,n
een,728.704,e:,n
kleine,728.824,k,@
dwerg,729.274,d,x
had,729.634,h,t
een,729.924,e:,n
knuppel,730.044,k,l
vond,736.328,v,t
een,737.078,e:,n
net,737.668,n,t
ketting,738.258,k,N
dressoir,738.878,d,r
had,739.558,h,t
het,740.308,@,t
Martine,740.848,m,@
glimmende,741.708,x,@
gepoetst,742.608,x,t
die,743.528,d,i
gouden,743.938,x,@
tegen,748.092,t,@
getale,748.892,x,@
gemaakt,749.582,x,k
daar,750.602,n,r
hebben,751.312,h,@
groten,752.012,x,@
bezwaar,752.852,b,r
in,753.682,I,n
lezers,754.272,l,s
had,758.486,h,t
flinke,759.096,f,@
het,759.946,@,t
griep,760.486,x,p
zieke,760.986,z,@
koorts,761.626,k,s
de,762.336,d,@
door,762.796,d,r
meisje,763.436,m,@
kwam,767.81,k,m
zijn,768.45,z,n
van,769.19,v,n
gulden,769.71,x,@
niet,770.52,n,t
vierhonderd,771.18,v,t
van,772.3,v,n
student,772.87,s,t
beurs,773.7,b,s
rond,774.36,r,n
karige,774.95,k,@
de,775.78,d,@
die,780.288,d,i
door,780.778,d,r
gebeuren,780.878,x,@
bochten,782.338,b,@
veel,783.128,v,l
Griekenland,783.718,x,n
ongelukken,784.628,O,@
in,785.468,I,n
scherpe,786.298,s,@
voorkomen,787.248,v,@
heel,788.148,h,l
Afgelopen,794.584,A,@
maand,795.174,m,t
kreeg,795.714,k,x
de,796.034,d,@
gewonde,796.154,x,@
die,796.774,d,i
een,796.894,e:,n
bekende,797.024,b,@
paragnost,797.494,p,s
inschakelde,798.194,I,@
vele,799.044,v,@
complicaties,799.334,k,s
Mijn,794.584,m,n
broer,794.894,b,r
Hans,795.194,h,s
die,795.694,d,i
de,795.874,d,@
milde,795.974,m,@
pastoor,796.354,p,r
zijn,796.994,z,n
vele,797.244,v,@
zonden,797.594,z,n
opbiechtte,797.934,O,@
huilde,798.884,h,@
Onder,794.584,O,r
de,794.954,d,@
eeuwenoude,795.104,e:,@
eik,795.804,Ei,k
in,796.114,I,n
de,796.264,d,@
tuin,796.394,t,n
bloeien,796.844,b,@
de,797.264,d,@
witte,797.424,w,@
tulpen,797.724,t,@
volop,798.164,v,p
gewonde,794.584,x,@
de,795.434,d,@
die,795.874,d,i
kreeg,796.274,k,x
afgelopen,796.904,A,@
vele,797.844,v,@
inschakelde,798.444,I,@
maand,799.554,m,t
paragnost,800.254,p,t
complicaties,801.164,k,s
bekende,802.354,b,@
een,803.164,e:,n
Hans,794.584,h,s
vele,795.294,v,@
zijn,796.104,z,n
de,796.754,d,@
opbiechtte,797.204,O,@
zonden,798.074,z,@
pastoor,798.804,p,r
broer,799.674,b,r
milde,800.364,m,@
mijn,801.084,m,n
huilde,801.644,h,@
die,802.384,d,i
eeuwenoude,794.584,e:,@
in,795.704,I,n
eik,796.614,Ei,k
de,797.254,d,@
onder,797.664,O,r
witte,798.494,w,@
de,799.114,d,@
bloeien,799.634,b,@
tuin,800.304,t,n
volop,801.034,v,p
tulpen,801.644,t,@
de,802.364,d,@
Joke,806.34,d,k
die,806.7,d,i
de,807.04,d,@
Spaanse,807.3,s,@
tamboerijn,807.85,t,n
speelt,808.48,s,l
staat,808.91,s,t
het,809.35,@,t
liefst,809.47,l,s
vooraan,809.8,v,n
De,806.34,d,@
erg,806.56,E,x
botte,806.9,b,@
bioloog,807.27,b,x
die,807.93,d,i
erg,808.07,E,x
kwaad,808.32,k,t
keek,808.67,k,k
bukte,808.97,b,@
en,809.5,E,n
viel,809.68,v,l
De,806.34,d,@
schildwacht,806.48,s,t
stond,807.13,s,n
uren,807.4,y,@
bij,807.82,b,Ei
de,808,d,@
poort,808.11,p,t
van,808.5,v,n
een,808.65,e:,n
vervallen,808.79,v,@
kasteel,809.28,k,l
op,809.68,O,b
de,809.9,d,@
uitkijk,810.1,ui,k
De,806.34,d,@
winst,806.57,w,t
van,807.01,v,n
die,807.19,d,i
verkoper,807.33,v,r
is,807.98,I,s
erg,808.11,E,x
hoog,808.41,h,x
vanwege,808.91,v,@
zijn,809.32,z,n
vlotte,809.56,v,@
babbel,809.93,b,l
over,810.14,o:,r
zijn,810.53,z,n
producten,810.79,p,@
staat,806.34,s,t
speelt,807.08,s,t
Spaanse,807.74,s,@
liefst,808.61,l,t
tamboerijn,809.24,t,n
Joke,810.09,d,k
het,810.76,@,t
vooraan,811.32,v,n
de,811.98,d,@
die,812.46,d,i
keek,806.34,k,k
viel,807.06,v,l
kwaad,807.56,k,t
bioloog,808.15,b,x
de,808.83,d,@
bukte,809.26,b,@
die,809.88,d,i
erg,810.34,E,x
botte,810.89,b,@
erg,811.51,E,x
en,812.3,E,n
de,806.34,d,@
stond,806.86,s,t
van,807.59,v,n
op,808.11,O,p
uren,808.5,y,@
een,809.12,e:,n
de,809.64,d,@
schildwacht,810.05,s,t
bij,810.99,b,Ei
uitkijk,811.51,ui,k
kasteel,812.26,k,l
poort,813.01,p,t
vervallen,813.6,v,@
de,814.31,d,@
zijn,806.34,z,n
die,807.09,d,i
winst,807.54,w,t
zijn,808.22,z,n
hoog,808.86,h,x
verkoper,809.48,v,r
vlotte,810.46,v,@
erg,811.11,E,x
producten,811.63,p,@
de,812.47,d,@
vanwege,812.98,v,@
babbel,813.89,b,l
van,814.63,v,n
over,815.14,o:,r
is,815.87,I,s
Kinderen,816.268,k,@
in,816.828,I,I
China,816.888,S,a:
naaien,817.348,n,@
goedkope,817.808,x,@
kleren,818.428,k,@
voor,819.028,v,r
westerse,819.228,w,@
consumenten,819.798,k,@
Het,824.948,@,t
volleybalteam,825.158,v,m
won,826.158,w,n
met,826.338,m,t
de,826.608,d,@
eerste,826.732988662131,e:,@
plaats,827.148,p,s
een,827.658,e:,n
grote,827.788,x,@
beker,828.238,b,r
gevuld,828.678,x,l
met,829.148,m,t
champagne,829.308,S,@
Toen,833.692,t,n
de,833.912,d,@
choreograaf,834.002,x,f
die,834.952,d,i
de,835.062,d,@
trage,835.202,t,@
danser,835.662,d,r
uitschold,836.012,ui,l
de,836.472,d,@
reden,836.652,r,@
hoorde,836.962,h,@
schrok,837.462,s,k
hij,837.782,h,Ei
klopte,843.534,k,@
zwarte,844.294,z,@
in,845.124,I,n
asbak,845.724,A,k
tabak,846.404,t,k
de,846.994,d,@
pijp,847.504,p,p
opa,848.024,o:,a:
de,848.684,d,@
zijn,849.134,z,n
uit,849.794,ui,t
vannacht,854.376,v,t
een,855.256,e:,n
had,855.846,h,t
angstige,856.376,A,@
Floor,857.236,f,r
slangen,857.976,s,@
droom,858.786,d,m
hele,859.396,h,@
over,860.096,o:,r
de,864.93,d,@
die,865.46,d,i
pijn,865.86,p,n
week,866.35,w,k
kreeg,866.95,k,x
bangerik,867.58,b,k
de,868.27,d,@
inschakelde,868.73,I,@
heftige,869.75,h,@
vorige,870.78,v,@
tandarts,871.5,t,s
zielige,872.49,z,@
en,876.868,E,n
Spanje,877.568,s,@
de,878.318,d,@
is,878.788,I,s
stranden,879.318,s,@
in,880.118,I,n
erg,880.898,E,x
vanwege,881.508,v,@
klimaat,882.308,k,t
prachtige,883.138,p,@
het,884.018,@,t
trek,884.468,t,k
gunstige,885.078,x,@
nog,889.982,n,x
gekeurd,890.632,x,t
toestel,891.352,t,l
worden,892.042,w,@
dat,892.672,d,t
versleten,893.182,v,@
aardig,894.112,a:,x
moet,894.772,m,t
goed,895.262,x,t
draait,895.832,d,t
het,896.542,@,t
De,902.92,d,@
hond,903.14,O,n
kwam,903.38,k,m
aanlopen,903.704988662131,a:,@
met,904.29,m,t
een,904.53,e:,n
plastic,904.67,p,k
diadeem,905.2,d,m
in,905.85,I,n
zijn,906,z,n
bek,906.26,b,k
Het,914.428,@,t
behoorlijk,914.678,b,k
stugge,915.268,s,@
diafragma,915.648,d,a:
dat,916.578,d,t
buikholte,916.848,b,@
en,917.502988662132,E,n
borstholte,917.698,b,@
scheidt,918.318,s,t
is,918.788,I,s
erg,919.018,E,x
belangrijk,919.278,b,k
Hij,914.428,h,Ei
die,914.868,d,i
niet,915.028,n,t
wil,915.228,w,l
luisteren,915.428,l,@
moet,915.968,m,t
nu,916.168,n,y
op,916.468,O,b
dikke,916.568,d,@
blaren,916.868,b,@
zitten,917.258,z,@
Halverwege,914.428,h,@
de,915.218,d,@
spannende,915.338,s,@
wedstrijd,915.948,w,t
houden,916.588,h,@
de,917.038,d,@
agenten,917.198,a:,@
een,917.778,e:,n
aantal,917.958,a:,l
vechtende,918.428,v,@
pubers,918.998,p,s
aan,919.488,a:,n
De,914.428,d,@
waarzegster,914.608,w,r
voorspelde,915.478,v,@
mijn,916.018,m,n
bijgelovige,916.298,b,@
tante,917.088,t,@
de,917.618,d,@
toekomst,917.818,t,t
met,918.398,m,t
een,918.638,e:,N
glazen,918.768,x,@
bol,919.268,b,l
stugge,914.428,s,@
is,915.248,I,s
scheidt,915.978,s,t
diafragma,916.728,d,a:
het,917.708,@,t
en,918.218,E,n
belangrijk,918.898,b,k
buikholte,919.818,b,@
borstholte,920.798,b,@
erg,921.878,E,x
dat,922.598,d,t
behoorlijk,923.108,b,k
luisteren,914.428,l,@
op,915.268,O,p
niet,915.588,n,t
nu,916.218,n,y
dikke,916.658,d,@
wil,917.198,w,l
die,917.728,d,i
hij,918.158,h,Ei
zitten,918.728,z,@
blaren,919.378,b,@
moet,920.108,m,t
wedstrijd,914.428,w,t
aan,915.418,a:,n
houden,915.928,h,@
agenten,916.648,a:,@
vechtende,917.468,v,@
een,918.318,e:,n
de,918.878,d,@
aantal,919.328,a:,l
de,920.048,d,@
spannende,920.548,s,@
pubers,921.398,p,s
halverwege,922.058,h,@
toekomst,914.428,t,s
bol,915.068,b,l
met,915.648,m,t
glazen,916.198,x,@
waarzegster,916.988,w,r
tante,917.958,t,@
mijn,918.558,m,n
een,919.138,e:,n
voorspelde,919.678,v,@
bijgelovige,920.658,b,@
de,921.758,d,@
de,922.188,d,@
Ook,926.204,o:,k
de,926.404,d,@
vermoeide,926.514,v,@
troepen,927.024,t,@
in,927.394,I,n
het,927.574,@,t
gebied,927.744,x,t
werden,928.094,w,@
nog,928.404,n,x
verder,928.628988662132,v,r
uitgebreid,929.024,ui,t
In,935.546,I,n
de,935.786,d,@
winkel,935.906,w,l
die,936.306,d,i
ik,936.486,I,k
zag,936.646,z,x
werden,937.046,w,@
hippe,937.396,h,@
brillen,937.716,b,@
verkocht,938.046,v,t
Vanwege,935.546,v,@
het,936.276,@,t
stormachtige,936.386,s,@
weer,937.236,w,r
spelen,937.596,s,@
meerdere,937.986,m,@
teams,938.466,t,s
in,938.816,I,n
een,939.006,e:,n
sporthal,939.136,s,l
Vader,935.546,v,r
zit,936.086,z,t
altijd,936.316,A,t
aan,936.756,a:,n
het,936.906,@,t
hoofd,937.036,h,t
van,937.426,v,n
de,937.586,d,@
rechte,937.686,r,@
tafel,938.066,t,l
tijdens,938.666,t,s
het,938.986,@,t
avondeten,939.156,a:,@
die,935.546,d,i
verkocht,936.156,v,t
zag,937.016,z,x
winkel,937.596,w,l
hippe,938.256,h,@
in,938.816,I,n
de,939.246,d,@
werden,939.656,w,@
brillen,940.236,b,@
ik,940.836,I,k
een,935.546,e:,n
weer,936.176,w,r
spelen,936.816,s,@
stormachtige,937.646,s,@
vanwege,938.786,v,@
sporthal,939.696,s,l
teams,940.636,t,s
meerdere,941.286,m,@
het,942.126,@,t
in,942.656,I,n
van,935.546,v,n
aan,936.226,a:,n
vader,936.906,v,r
rechte,937.696,r,@
hoofd,938.396,h,t
avondeten,939.056,a:,@
de,940.066,d,@
het,940.586,@,t
altijd,941.146,A,t
tafel,941.926,t,l
het,942.706,@,t
zit,943.316,z,t
tijdens,943.876,t,s
Soms,942.626,s,s
hebben,943.076,h,b
we,943.276,w,@
alle,943.586,A,@
vertrouwen,943.910988662131,v,@
in,944.520988662131,I,n
de,944.686,d,@
Nederlandse,944.786,n,@
politiek,945.496,p,k
verloren,946.136,v,@
gasten,952.642,x,@
was,953.372,w,s
zeer,953.962,z,r
de,954.612,d,@
vertrokken,955.142,v,@
omdat,955.942,O,t
bediende,956.612,b,@
onbeleefd,957.382,O,t
de,958.312,d,@
lakse,958.732,l,@
examinator,962.63,E,r
de,963.97,d,@
imponerend,964.38,I,t
vandaag,965.53,v,x
kandidaat,966.28,k,t
overtuigt,967.3,o:,t
erg,968.26,E,x
laatste,968.85,l,@
die,969.62,d,i
de,970.16,d,@
is,970.57,I,s
niet,975.188,n,t
op,975.948,O,p
verzekerd,976.478,v,t
tandem,977.448,t,m
niet,978.218,n,t
die,978.778,d,i
was,979.278,w,s
ver,979.938,v,r
gammele,980.498,x,@
kwamen,981.188,k,@
de,981.878,d,@
we,982.288,w,@
vrije,988.75,v,@
mijn,989.61,m,n
tijd,990.2,t,t
graag,990.76,x,h
boeken,991.37,b,@
lees,991.93,l,s
in,992.68,I,n
mooie,993.12,m,@
ik,993.89,I,k
eeuwenoude,997.656,e:,@
in,998.776,I,n
eik,999.686,Ei,k
de,1000.326,d,@
onder,1000.736,O,r
witte,1001.566,w,@
de,1002.186,d,@
bloeien,1002.706,b,@
tuin,1003.376,t,n
volop,1004.106,v,p
tulpen,1004.716,t,@
de,1005.436,d,@
Katten,1013.842,k,@
die,1014.332,d,i
continu,1014.522,k,y
plukjes,1015.152,p,s
haar,1015.512,h,r
verliezen,1015.852,v,@
kunnen,1016.332,k,@
een,1016.642,e:,n
tekort,1016.762,t,t
aan,1017.222,a:,n
vitamine,1017.422,v,@
hebben,1018.012,h,@
Het,1025.782,@,t
verloofde,1026.012,v,@
koppel,1026.602,k,l
bekijkt,1027.052,b,k
de,1027.502,d,@
locatie,1027.562,l,i
voor,1028.252,v,r
hun,1028.432,h,n
bruiloft,1028.622,b,t
in,1029.112,I,n
juni,1029.302,j,i
Vorig,1033.084,v,x
jaar,1033.614,j,r
zijn,1034.014,z,n
deze,1034.254,d,@
dertig,1034.584,d,x
dossiers,1035.024,d,s
allemaal,1035.674,A,a:
aan,1036.184,a:,n
elkaar,1036.334,E,r
gekoppeld,1036.734,x,t
Na,1041.366,n,a:
het,1041.676,@,t
uitvallen,1041.786,ui,@
van,1042.356,v,n
de,1042.546,d,@
elektriciteit,1042.606,e:,t
verlichtte,1043.586,v,@
Carolien,1044.136,k,@
haar,1044.656,h,r
gezellige,1044.876,x,@
terras,1045.386,t,s
met,1045.796,m,t
kaarsen,1046.026,k,s
en,1046.386,E,n
lampionnen,1046.546,l,@
Sinds,1051.076,s,s
Dorien's,1051.506,d,s
tante,1051.986,t,@
hier,1052.346,h,r
op,1052.616,O,b
bezoek,1052.716,b,k
was,1053.076,w,s
is,1053.506,I,z
er,1053.666,E,r
veel,1053.856,v,l
veranderd,1054.086,v,t
keek,1060.612,k,k
gebruikte,1061.312,x,@
ik,1062.262,I,k
grote,1062.812,x,@
naar,1063.532,n,r
voor,1064.282,v,r
het,1064.862,@,t
broer,1065.362,b,r
takken,1066.102,t,@
die,1066.682,d,i
mijn,1067.172,m,n
de,1067.812,d,@
vuur,1068.282,v,r
een,1072.8,e:,n
alleen,1073.35,A,n
krijgt,1074,k,t
taaie,1074.67,t,@
de,1075.34,d,@
een,1075.78,e:,n
op,1076.31,O,p
doorzet,1076.79,d,t
rij,1077.66,r,Ei
die,1078.33,d,i
plekje,1078.75,p,@
echte,1079.38,E,@
eerste,1080.05,e:,@
Inge,1083.966,I,@
over,1084.386,o:,r
karaf,1084.986,k,f
dineetje,1085.716,d,@
het,1086.486,@,t
de,1086.976,d,@
kristal,1087.266,k,l
wijn,1088.076,w,n
in,1088.616,I,n
goot,1089.036,x,t
een,1089.596,e:,n
chique,1090.056,S,e:
van,1090.766,v,n
voor,1091.256,v,r
had,1095.41,h,t
wedstrijd,1096.01,w,t
won,1096.85,w,n
gebruikt,1097.39,x,k
gladde,1098.21,x,@
de,1098.86,d,@
die,1099.25,d,i
Agaat,1099.68,a:,t
tante,1100.39,t,@
pieren,1100.97,p,@
mijn,1102.62,m,n
plaatste,1109.002,p,@
zocht,1109.792,z,t
drummer,1110.402,d,r
een,1111.132,e:,n
die,1111.672,d,i
advertentie,1112.242,A,i
een,1113.222,e:,n
de,1113.752,d,@
band,1114.272,b,t
snelle,1114.932,s,@
De,1121.154,d,@
gevaarlijke,1121.304,x,@
overvallers,1122.004,o:,s
nemen,1122.814,n,@
met,1123.164,m,t
een,1123.394,e:,n
handvol,1123.524,h,l
diamanten,1124.054,d,@
geen,1124.784,x,n
genoegen,1125.034,x,@
De,1129.56,d,@
zuster,1129.76,z,r
die,1130.35,d,i
de,1130.5,d,@
aan,1130.64,a:,n
tuberculose,1130.85,t,@
lijdende,1131.72,l,@
bejaarde,1132.25,b,@
wast,1132.76,w,t
is,1133.21,I,s
zorgzaam,1133.37,z,m
Vandaag,1129.56,v,x
is,1130.22,I,s
de,1130.44,d,@
gevatte,1130.55,x,@
brunette,1131.04,b,@
die,1131.73,d,i
de,1131.86,d,@
zangeres,1132.01,z,s
beoordeelt,1132.59,b,t
erg,1133.23,E,x
partijdig,1133.57,p,x
Groeperingen,1129.56,x,@
binnen,1130.46,b,@
de,1130.74,d,@
kerk,1130.87,k,k
bestrijden,1131.34,b,@
zijn,1131.92,z,n
grote,1132.17,x,@
bekendheid,1132.53,b,t
en,1133.23,E,n
macht,1133.43,m,t
Vele,1129.56,v,@
duizenden,1130.1,d,@
bezoekers,1130.63,b,s
uit,1131.30498866213,ui,t
de,1131.48,d,@
hele,1131.61,h,@
wereld,1131.96,w,t
komen,1132.46,k,@
naar,1132.78,n,r
het,1133.03,@,t
popconcert,1133.16,p,t
tuberculose,1129.56,t,@
die,1130.72,d,i
zuster,1131.2,z,r
is,1132.18,I,s
wast,1132.66,w,t
aan,1133.31,a:,n
zorgzaam,1133.95,z,m
bejaarde,1134.93,b,@
de,1135.79,d,@
lijdende,1136.24,l,@
de,1137.13,d,@
de,1129.56,d,@
die,1130.17,d,i
vandaag,1130.63,v,h
zangeres,1131.45,z,s
brunette,1132.31,b,@
erg,1133.11,E,x
gevatte,1133.71,x,@
de,1134.51,d,@
partijdig,1134.98,p,x
is,1135.88,I,s
beoordeelt,1136.41,b,t
de,1129.56,d,@
en,1130.06,E,n
zijn,1130.59,z,n
bestrijden,1131.44,b,@
kerk,1132.42,k,k
groeperingen,1132.99,x,@
macht,1134.05,m,t
bekendheid,1134.7,b,t
grote,1135.66,x,@
binnen,1136.4,b,@
uit,1129.56,ui,t
popconcert,1130.13,p,t
bezoekers,1131.1,b,s
duizenden,1131.93,d,@
vele,1132.89,v,@
hele,1133.37,h,@
het,1134.29,@,t
naar,1134.85,n,r
de,1135.64,d,@
komen,1136.09,k,@
wereld,1136.73,w,t
Moeder,1138.362,m,r
keek,1138.722,k,k
boos,1139.012,b,s
naar,1139.112,n,r
de,1139.382,d,@
kleuter,1139.692,k,r
die,1140.292,d,i
een,1140.412,e:,n
flinke,1140.532,f,@
pruillip,1141.012,p,p
trok,1141.532,t,k
Gisteren,1147.638,x,@
had,1148.358,h,t
de,1148.558,d,@
aannemer,1148.71298866213,a:,r
die,1149.338,d,i
de,1149.448,d,@
bejaarde,1149.588,b,@
bewoner,1150.128,b,r
matste,1150.598,m,@
een,1151.17298866213,e:,n
goed,1151.348,x,t
humeur,1151.568,h,r
Het,1147.638,@,t
houten,1147.868,h,@
bureau,1148.248,b,o:
dat,1148.668,d,t
knullig,1148.868,k,x
in,1149.278,I,n
elkaar,1149.418,E,r
gezet,1149.838,x,t
was,1150.138,w,s
viel,1150.478,v,l
ineen,1150.788,I,n
De,1147.638,d,@
schilder,1147.828,s,r
kleurde,1148.418,k,@
de,1148.818,d,@
details,1148.948,d,s
in,1149.478,I,n
met,1149.818,m,t
een,1150.008,e:,n
klein,1150.198,k,n
penseel,1150.478,p,l
van,1151.008,v,n
varkenshaar,1151.238,v,r
in,1147.638,I,n
Japan,1147.868,j,n
en,1148.268,E,n
China,1148.428,S,a:
komt,1148.818,k,t
een,1149.138,e:,n
geringe,1149.268,x,@
deflatie,1149.718,d,i
op,1150.488,O,p
gang,1150.638,x,N
matste,1147.638,m,@
die,1148.528,d,i
had,1148.958,h,t
de,1149.618,d,@
goed,1150.138,x,t
een,1150.628,e:,N
gisteren,1151.188,x,@
bewoner,1152.008,b,r
aannemer,1152.878,a:,r
humeur,1153.758,h,r
bejaarde,1154.018,b,@
de,1155.468,d,@
dat,1147.638,d,t
elkaar,1148.218,E,r
bureau,1148.998,b,o:
het,1149.648,@,t
viel,1150.278,v,l
gezet,1150.868,x,t
was,1151.588,w,s
in,1152.128,I,n
ineen,1152.668,I,n
knullig,1153.398,k,x
houten,1154.188,h,@
van,1147.638,v,n
klein,1148.218,k,n
een,1148.788,e:,n
in,1149.428,I,n
met,1149.968,m,t
schilder,1150.498,s,r
de,1151.218,d,@
de,1151.678,d,@
kleurde,1152.078,k,@
penseel,1152.698,p,l
varkenshaar,1153.498,v,r
details,1154.588,d,s
Japan,1147.638,j,n
een,1148.418,e:,n
komt,1148.898,k,t
in,1149.438,I,n
en,1149.938,E,n
geringe,1150.488,x,@
China,1151.308,S,a:
deflatie,1151.928,d,i
gang,1152.908,x,N
op,1153.438,O,p
Het,1155.69,@,t
besluit,1155.91,b,t
gaat,1156.43,x,t
over,1156.62,o:,r
de,1156.98,d,@
voorgenomen,1157.11,v,@
destructie,1157.75,d,i
van,1158.48,v,n
de,1158.71,d,@
kerncentrale,1158.82,k,@
in,1159.62,I,n
Dodewaard,1159.81,d,t
de,1169.98,d,@
mannen,1170.79,m,@
breekijzer,1171.42,b,r
ideale,1172.42,i,@
onmisbaar,1173.26,O,r
het,1174.42,@,t
dat,1175.01,d,t
in,1175.6,I,n
vele,1176.13,v,@
is,1176.92,I,s
voor,1177.55,v,r
winkels,1178.13,w,s
ligt,1179.02,l,t
studenten,1186.628,s,@
vandalisme,1187.708,v,@
de,1188.638,d,@
leveren,1189.068,l,@
toenemend,1189.748,t,n
toespraak,1190.578,t,k
de,1191.418,d,@
van,1191.868,v,n
over,1192.378,o:,r
naar,1193.088,n,r
boeiende,1193.768,b,@
commentaar,1194.488,k,r
aanleiding,1195.468,a:,N
meer,1200.158,m,r
niet,1201.028,n,t
veranderde,1201.658,v,@
positie,1202.478,p,i
vroegere,1203.338,v,@
Griekenland,1204.068,x,n
afhankelijke,1205.058,A,@
het,1206.078,@,t
de,1206.758,d,@
past,1207.258,p,t
ging,1211.096,x,N
meer,1211.836,m,r
zat,1212.556,z,t
Margriet,1213.176,m,t
periode,1213.926,p,@
drukke,1214.826,d,@
dan,1215.556,d,n
vakantie,1216.146,v,i
op,1217.036,O,p
was,1217.436,w,s
die,1218.026,d,i
de,1218.466,d,@
schreeuw,1222.87,s,w
wilde,1223.7,w,@
de,1224.37,d,@
van,1224.86,v,n
de,1225.34,d,@
uitbracht,1225.8,ui,t
die,1226.6,d,i
schrok,1227,s,k
barbaar,1227.62,b,r
zij,1228.43,z,Ei
De,1234.854,d,@
ervaren,1234.964,E,@
makelaars,1235.584,m,s
die,1236.404,d,i
de,1236.574,d,@
nieuwe,1236.674,n,@
kopers,1237.034,k,s
rondleiden,1237.484,r,@
zijn,1238.214,z,n
gehaaid,1238.444,x,t
Mijn,1234.854,m,n
vriendin,1235.194,v,n
die,1235.744,d,i
de,1235.874,d,@
pas,1236.014,p,s
overleden,1236.294,o:,@
tennisser,1236.904,t,r
kende,1237.394,k,@
ging,1237.844,x,N
naar,1238.134,n,r
de,1238.294,d,@
begrafenis,1238.374,b,s
Tijdens,1234.854,t,s
de,1235.274,d,@
rumoerige,1235.394,r,@
bespreking,1236.054,b,N
beslisten,1236.924,b,@
de,1237.544,d,@
leden,1237.674,l,@
de,1238.144,d,@
staking,1238.274,s,N
voort,1238.924,v,t
te,1239.264,t,@
zetten,1239.394,z,@
Ivo,1234.854,i,o:
kreeg,1235.274,k,x
op,1235.544,O,p
zijn,1235.724,z,n
werk,1235.894,w,k
een,1236.364,e:,n
strenge,1236.454,s,@
berisping,1236.904,b,N
van,1237.544,v,n
zijn,1237.714,z,n
baas,1237.924,b,s
over,1238.244,o:,r
zijn,1238.564,z,n
slechte,1238.804,s,@
advies,1239.294,A,s
die,1234.854,d,i
zijn,1235.384,z,n
rondleiden,1235.944,r,@
de,1236.844,d,@
ervaren,1237.284,E,@
gehaaid,1238.104,x,t
kopers,1238.874,k,s
nieuwe,1239.714,n,@
makelaars,1240.264,m,s
de,1241.204,d,@
de,1234.854,d,@
ging,1235.374,x,N
de,1236.054,d,@
die,1236.504,d,i
kende,1236.974,k,@
vriendin,1237.874,v,n
tennisser,1238.694,t,r
pas,1239.434,p,s
begrafenis,1240.004,b,s
overleden,1241.114,o:,@
naar,1242.064,n,r
mijn,1242.694,m,n
de,1234.854,d,@
zetten,1235.484,z,@
staking,1236.154,s,N
bespreking,1236.924,b,N
leden,1237.954,l,@
beslisten,1238.604,b,@
te,1239.564,t,@
voort,1240.004,v,t
de,1240.624,d,@
tijdens,1241.064,t,s
rumoerige,1241.824,r,@
de,1242.834,d,@
Ivo,1234.854,i,o:
van,1235.594,v,n
over,1236.164,o:,r
op,1236.864,O,p
strenge,1237.254,s,@
zijn,1238.104,z,n
advies,1238.714,A,s
berisping,1239.464,b,N
baas,1240.434,b,s
werk,1241.064,w,k
slechte,1241.674,s,@
zijn,1242.504,z,n
kreeg,1243.164,k,x
een,1243.864,e:,n
zijn,1244.424,z,n
Vera,1242.814,v,a:
die,1243.384,d,i
het,1243.594,@,t
hondje,1243.744,O,@
wilde,1244.284,w,d
aaien,1244.444,a:,@
liet,1244.794,l,t
de,1244.984,d,@
jonge,1245.094,j,@
puppy,1245.414,p,i
erg,1245.804,E,x
schrikken,1246.054,s,@
Het,1250.542,@,t
meisje,1250.742,m,@
moest,1251.342,m,t
van,1251.672,v,n
haar,1251.852,a:,r
nieuwe,1251.992,n,@
tandarts,1252.382,t,s
een,1252.992,e:,n
beugel,1253.152,b,l
tot,1253.632,t,t
haar,1253.852,h,r
achttiende,1254.10698866213,A,@
De,1258.61,d,@
pientere,1258.81,p,@
dame,1259.4,d,@
kreeg,1259.81,k,x
een,1260.12,e:,n
prachtig,1260.26,p,x
boekje,1260.82,b,@
voor,1261.15,v,r
haar,1261.35,h,r
verjaardag,1261.58,v,x
Gisteren,1266.074,x,@
had,1266.654,h,t
de,1266.824,d,@
brede,1266.984,b,@
bodyguard,1267.364,b,t
die,1267.93898866213,d,i
de,1268.064,d,@
filmster,1268.214,f,r
beschermde,1268.724,b,@
een,1269.324,e:,n
vrije,1269.454,v,@
dag,1269.794,d,x
Margriet,1266.074,m,t
die,1266.71898866213,d,i
de,1266.924,d,@
drukke,1267.054,d,@
periode,1267.404,p,@
meer,1267.924,m,r
dan,1268.164,d,n
zat,1268.334,z,t
was,1268.564,w,s
ging,1268.884,x,N
op,1269.174,O,p
vakantie,1269.314,v,i
Ook,1266.074,o:,k
in,1266.344,I,n
Nederland,1266.494,n,n
staat,1266.984,s,t
het,1267.334,@,t
strenge,1267.484,s,@
toezicht,1267.824,t,t
op,1268.234,O,p
accountants,1268.404,A,s
ter,1269.144,t,r
discussie,1269.384,d,i
Alleen,1266.074,A,n
in,1266.454,I,n
ons,1266.614,O,s
eigen,1266.794,Ei,@
bedrijf,1267.154,b,f
geldt,1267.624,x,l
de,1267.874,d,@
verlaging,1268.024,v,N
voor,1268.574,v,r
reparaties,1268.714,r,s
beschermde,1266.074,b,@
de,1267.024,d,@
die,1267.454,d,i
vrije,1267.974,v,@
bodyguard,1268.634,b,t
had,1269.514,h,t
een,1270.074,e:,n
gisteren,1270.604,x,@
dag,1271.444,d,x
filmster,1272.004,f,r
brede,1272.934,b,@
de,1273.694,d,@
ging,1266.074,x,N
meer,1266.814,m,r
zat,1267.534,z,t
Margriet,1268.154,m,t
periode,1268.904,p,@
drukke,1269.804,d,@
dan,1270.534,d,n
vakantie,1271.124,v,i
op,1272.014,O,p
was,1272.414,w,s
die,1273.004,d,i
de,1273.444,d,@
ter,1266.074,t,r
Nederland,1266.594,n,t
accountants,1267.484,A,s
op,1268.454,O,p
ook,1268.894,o:,k
staat,1269.434,s,t
toezicht,1270.144,t,t
discussie,1270.904,d,i
in,1271.764,I,n
strenge,1272.254,s,@
het,1273.084,@,t
verlaging,1266.074,v,N
ons,1267.084,O,s
de,1267.714,d,@
alleen,1268.114,A,n
bedrijf,1268.764,b,f
eigen,1269.694,Ei,@
voor,1270.444,v,r
in,1271.094,I,n
reparaties,1271.604,r,s
geldt,1272.794,x,t
