Transcription,AlignOnset,OnsetPhoneme,OffsetPhoneme,Phonetic
zijn,9.816,z,n,zKn
grond,10.576,x,t,xrOnt
dader,11.236,n,r,da-d@r
de,12.016,d,@,d@
goudvoorraad,12.456,x,t,xMt-fo-rat
onder,13.506,O,r,On-d@r
kluis,14.166,k,s,klLs
de,14.826,d,@,d@
een,15.276,e:,n,en
in,15.816,I,n,In
bewaart,16.306,b,t,
gemene,17.106,x,@,
hield,21.482,h,t,
die,22.122,d,i,di
de,22.602,d,@,d@
eenvoudige,23.212,e:,@,
open,24.212,o:,@,o-p@
serveerster,24.882,s,r,sEr-ver-st@r
boerin,26.022,b,n,bu-rIn
behulpzame,26.712,b,@,
de,27.762,d,@,d@
hielp,28.192,h,p,
deur,28.542,d,r,d|r
de,28.812,d,@,d@
netjes,29.752,n,s,nEt-j@s
vastgelegd,33.938,v,t,
ingang,34.958,I,N,IN-GAN
beroving,35.648,b,N,b@-ro-vIN
camera,36.498,k,a:,ka-m@-ra
verborgen,37.208,v,@,v@r-bOr-G@
boven,38.148,b,@,bo-v@
door,38.798,d,r,dor
werd,39.398,w,t,
brute,39.988,b,@,
de,40.658,d,@,d@
een,41.118,e:,n,en
de,41.638,d,@,d@
bellen,45.392,b,@,bE-l@
vrolijke,46.182,v,@,
na,46.992,n,a:,na
van,47.642,v,n,vAn
een,48.202,e:,N,en
het,48.732,@,t,@t
taxi,49.272,t,i,tAk-si
feest,50.322,f,t,fest
afloop,50.922,A,p,Af-lop
dames,51.602,n,s,
gezellige,52.322,x,@,
de,53.212,d,@,d@
voor,57.374,v,r,vor
diepe,58.124,d,@,
de,58.764,d,@,d@
een,59.214,e:,n,en
maakte,59.754,m,@,
buiging,60.404,b,N,bL-GIN
koningin,61.184,k,n,ko-nI-NIn
nieuwe,62.024,n,@,
man,62.694,m,n,mAn
de,63.224,d,@,d@
Aan,71.186,a:,n,
onstuimige,71.436,O,@,
tieners,72.206,t,s,
die,72.736,d,i,di
hun,72.976,h,n,h}n
gang,73.086,x,N,xAN
gaan,73.356,x,n,xan
valt,73.726,v,l,
doorgaans,73.956,d,s,dor-Gans
weinig,74.476,w,x,wK-n@x
te,74.886,t,@,t@
doen,75.016,d,n,dun
Alleen,78.964,A,n,
in,79.344,I,n,In
ons,79.504,O,s,Ons
eigen,79.684,Ei,@,K-G@
bedrijf,80.044,b,f,b@-drKf
geldt,80.514,x,l,
de,80.764,d,@,d@
verlaging,80.914,v,N,v@r-la-GIN
voor,81.464,v,r,vor
reparaties,81.604,r,s,
De,86.22,d,@,
ouders,86.41,Au,s,
die,86.91,d,i,di
de,87.07,d,@,d@
angstige,87.19,A,@,
dochters,87.77,d,s,
bevrijden,88.15,b,@,b@-vrK-d@
gingen,88.78,x,@,
opgelucht,89.1449886621315,O,t,Op-x@-l}xt
naar,89.66,n,r,nar
huis,89.86,h,s,hLs
De,86.22,d,@,
onervaren,86.42,O,@,On-Er-va-r@
musicus,87.13,m,s,my-zi-k}s
die,87.89,d,i,di
de,88.04,d,@,d@
dure,88.21,d,@,
zwarte,88.57,z,@,
piano,89.04,p,o:,pi-ja-no
gestemd,89.46,x,t,x@-stEmt
heeft,89.92,h,t,heft
was,90.33,w,s,wAs
zenuwachtig,90.55,z,x,ze-nyw-Ax-t@x
Om,86.22,O,m,
niet,86.42,n,t,nit
herkend,86.63,h,n,
te,87.12,t,@,t@
worden,87.23,w,@,wOr-d@
droeg,87.68,d,x,
de,87.92,d,@,d@
overvaller,88.07,o:,r,o-v@r-vA-l@r
een,88.71,e:,n,en
blonde,88.84,b,@,blOn-d@
pruik,89.14,p,k,prLk
met,89.51,m,t,mEt
krullen,89.69,k,@,kr}-l@
De,86.22,d,@,
barones,86.44,b,s,ba-ro-nEs
nodigde,87.13,n,@,
een,87.64,e:,n,en
aantal,87.92,a:,l,an-tAl
gasten,88.27,x,@,
uit,88.75,ui,t,Lt
voor,89.06,v,r,vor
een,89.26,e:,n,en
heerlijk,89.35,h,k,her-l@k
diner,89.79,d,e:,di-ne
met,90.17,m,t,mEt
dure,90.36,d,@,
wijnen,90.72,w,@,
gingen,86.22,x,@,
die,86.93,d,i,di
huis,87.38,h,s,hLs
ouders,88.02,Au,s,
opgelucht,88.71,O,t,Op-x@-l}xt
dochters,89.63,d,s,
angstige,90.51,A,@,
bevrijden,91.32,b,@,b@-vrK-d@
de,92.2,d,@,d@
de,92.67,d,@,d@
naar,93.11,n,r,nar
dure,86.22,d,@,
die,86.92,d,i,di
zwarte,87.36,z,@,
onervaren,88.1,O,@,On-Er-va-r@
gestemd,89.22,x,t,x@-stEmt
de,90.11,d,@,d@
musicus,90.52,m,s,my-zi-k}s
piano,91.32,p,o:,pi-ja-no
de,92.15,d,@,d@
zenuwachtig,92.58,z,x,ze-nyw-Ax-t@x
heeft,93.79,h,t,heft
was,94.42,w,s,wAs
worden,86.22,w,@,wOr-d@
te,86.82,t,@,t@
niet,87.22,n,t,nit
krullen,87.76,k,@,kr}-l@
met,88.38,m,t,mEt
blonde,88.94,b,@,blOn-d@
een,89.59,e:,n,en
om,90.14,O,m,Om
de,90.61,d,@,d@
herkend,91.08,h,n,
pruik,91.87,p,k,prLk
overvaller,92.43,o:,r,o-v@r-vA-l@r
droeg,93.37,d,x,
gasten,86.22,x,@,
heerlijk,87.01,h,k,her-l@k
de,87.72,d,@,d@
uit,88.33,ui,t,Lt
dure,88.84,d,@,
een,89.46,e:,n,en
met,89.99,m,t,mEt
barones,90.65,b,s,ba-ro-nEs
aantal,91.48,a:,l,an-tAl
nodigde,92.17,n,@,
diner,93.02,d,e:,di-ne
een,93.67,e:,n,en
voor,94.42,v,r,vor
wijnen,95.02,w,@,
Patricia,93.886,p,a:,
die,94.786,d,i,di
hard,94.946,h,t,hArt
geleerd,95.186,x,t,x@-lert
had,95.626,h,t,
haalde,95.896,h,@,
voor,96.3409886621315,v,r,vor
het,96.506,@,t,@t
moeilijke,96.576,m,@,
tentamen,97.046,t,@,tEn-ta-m@
een,97.686,e:,n,en
hoog,97.836,h,x,hox
punt,98.136,p,t,p}nt
De,102.45,d,@,
trui,102.66,t,ui,trL
die,103.02,d,i,di
in,103.26,I,n,In
de,103.36,d,@,d@
nieuwe,103.43,n,@,
droger,103.83,d,r,dro-G@r
terecht,104.31,t,t,t@-rExt
was,104.68,w,s,wAs
gekomen,104.84,x,@,
paste,105.51,p,@,
niet,105.88,n,t,nit
meer,106.07,m,r,mer
als,112.376,A,s,Als
race,113.166,r,s,res
in,113.886,I,n,In
derde,114.356,n,@,dEr-d@
laatste,115.286,l,@,
de,116.106,d,@,d@
eindigde,116.636,Ei,@,
paard,117.386,p,t,part
het,118.186,@,t,@t
olympisch,118.766,o:,s,o-lIm-pis
de,123.254,d,@,d@
de,123.744,d,@,d@
zwembad,124.174,z,t,zwEm-bAt
dorre,125.034,d,@,
door,125.624,d,r,dor
vallen,126.324,v,@,vA-l@
bladeren,126.884,b,@,bla-d@-r@
het,127.764,@,t,@t
in,128.314,I,n,In
wind,128.924,w,t,wInt
was,133.4,w,s,wAs
die,134.01,d,i,di
de,134.46,d,@,d@
ten,134.84,t,n,tEn
inbreker,135.34,I,r,Im-bre-k@r
pastoor,136.25,p,r,pAs-tor
gekrenkte,136.8,x,@,
smeekte,138.04,s,@,
de,139.04,d,@,d@
raad,139.52,r,t,rat
einde,140.13,Ei,@,
flessen,144.376,f,@,flE-s@
rijke,145.056,r,@,
van,145.826,v,n,vAn
wijn,146.346,w,n,wKn
cadeau,146.926,k,o:,ka-do
de,147.546,d,@,d@
bij,148.016,b,Ei,
fles,148.546,f,s,flEs
een,149.246,e:,n,en
krijgen,149.766,k,@,krK-G@
toeristen,150.426,t,@,
twaalf,151.246,t,f,twalf
de,151.976,d,@,d@
aankoop,152.446,a:,p,aN-kop
ter,157.244,t,r,tEr
Nederland,157.764,n,t,ne-d@r-lAnt
accountants,158.654,A,s,
op,159.624,O,p,Op
ook,160.064,o:,k,ok
staat,160.604,s,t,stat
toezicht,161.314,t,t,tu-zIxt
discussie,162.074,d,i,dIs-k}-si
in,162.934,I,n,In
strenge,163.424,s,@,
het,164.254,@,t,@t
Om,170.686,O,m,
de,170.906,d,@,d@
lekkages,170.996,l,s,
in,171.766,I,n,In
de,171.966,d,@,d@
oude,172.056,Au,@,M-d@
kerk,172.356,k,k,kErk
te,172.736,t,@,t@
verhelpen,172.876,v,@,v@r-hEl-p@
zoekt,173.656,z,k,
de,173.890988662132,d,@,d@
vrome,174.046,v,@,vro-m@
dominee,174.466,d,e:,do-mi-ne
een,175.066,e:,n,en
loodgieter,175.196,l,r,lot-xi-t@r
De,179.598,d,@,
bands,179.808,b,s,
die,180.178,d,i,di
erg,180.358,E,x,Erx
populair,180.578,p,r,po-py-l)r
zijn,181.158,z,n,zKn
brengen,181.538,b,@,brE-N@
enorme,181.878,e:,@,
tenten,182.458,t,@,
met,182.788,m,t,mEt
zich,182.978,z,x,zIx
mee,183.188,m,e:,me
Rosa,187.174,r,a:,
die,187.854,d,i,di
de,188.004,d,@,d@
prachtige,188.174,p,@,
bruiloft,188.744,b,f,brL-lOft
bedacht,189.164,b,t,b@-dAxt
had,189.614,h,t,
moest,189.914,m,t,
huilen,190.134,h,@,hL-l@
van,190.524,v,n,vAn
vreugde,190.694,v,@,vr|G-d@
Onze,195.456,O,@,
verhitte,195.816,v,@,
discussie,196.306,d,i,dIs-k}-si
die,196.986,d,i,di
op,197.226,O,p,Op
niks,197.316,n,s,nIks
uitdraaide,197.626,ui,@,
heeft,198.306,h,t,heft
weinig,198.596,w,x,wK-n@x
zin,198.966,z,n,zIn
gehad,199.206,x,t,
De,202.944,d,@,
voorzitter,203.144,v,r,vor-zI-t@r
werd,203.844,w,t,
door,204.104,d,r,dor
het,204.254,@,t,@t
voltallige,204.444,v,@,
bestuur,205.084,b,r,b@-styr
ontslagen,205.614,O,@,
wegens,206.444,w,s,we-G@ns
wangedrag,206.824,w,x,wAN-G@-drAx
had,212.846,h,t,
dat,213.476,d,t,dAt
Joris,213.966,j,s,
penseel,214.656,p,l,pEn-sel
was,215.486,w,s,wAs
stevige,216.086,s,@,
van,216.956,v,n,vAn
het,217.546,@,t,@t
de,218.056,d,@,d@
weg,218.496,w,x,wEx
korte,219.006,k,@,
voorkeur,219.716,v,r,vor-k|r
puber,227.272,p,r,py-b@r
verjaardag,227.852,v,x,v@r-jar-dAx
een,228.742,e:,N,en
en,229.312,E,n,En
helm,229.802,h,m,hElm
zijn,230.432,z,n,zKn
zestiende,231.122,z,@,zEs-tin-d@
de,232.062,d,@,d@
kreeg,232.472,k,x,
brommer,233.092,b,r,brO-m@r
een,233.822,e:,N,en
op,234.382,O,p,Op
cadeau,234.772,k,o:,ka-do
stoere,235.492,s,r,
dat,242.318,d,t,dAt
een,242.878,e:,n,en
had,243.388,h,t,
mijn,243.908,m,n,mKn
was,244.488,w,s,wAs
heerlijk,245.028,h,k,her-l@k
dooier,245.658,d,r,do-j@r
ei,246.428,Ei,Ei,K
kapotte,246.858,k,@,
gebakken,247.668,x,@,x@-bA-k@
boer,254.26,b,r,bur
op,254.92,O,p,Op
nog,255.34,n,x,
het,255.87,@,t,@t
door,256.44,d,r,dor
boerendorp,257.01,b,p,bu-r@-dOrp
klompen,257.86,k,@,
die,258.56,d,i,di
loopt,259.04,l,t,
ouderwetse,259.61,Au,@,
keek,266.262,k,k,
viel,266.982,v,l,
kwaad,267.482,k,t,kwat
bioloog,268.072,b,x,bi-jo-lox
de,268.752,d,@,d@
bukte,269.182,b,@,
die,269.802,d,i,di
erg,270.262,E,x,Erx
botte,270.812,b,@,
erg,271.432,E,x,Erx
en,272.222,E,n,En
Op,278.092,O,p,
een,278.352,e:,n,en
kortere,278.532,k,@,
termijn,279.052,t,n,tEr-mKn
vertrok,279.602,v,k,
het,280.092,@,t,@t
gezelschap,280.222,x,p,x@-zEl-sxAp
naar,280.972,n,r,nar
de,281.322,d,@,d@
bus,281.682,b,s,b}s
in,285.742,I,n,In
het,285.952,@,t,@t
kantoor,286.082,k,r,kAn-tor
stond,286.622,s,n,stOnt
de,286.882,d,@,d@
vrouw,287.052,v,w,vrMw
bij,287.372,b,Ei,
de,287.542,d,@,d@
drukke,287.652,d,@,
balie,287.982,b,i,ba-li
voor,288.422,v,r,vor
de,288.612,d,@,d@
aangiftes,288.722,a:,s,
Het,293.742,@,t,
belegde,293.992,b,@,
bruine,294.522,b,@,
bolletje,294.922,b,@,bO-l@-tj@
dat,295.422,d,t,dAt
op,295.672,O,p,Op
het,295.832,@,t,@t
aanrecht,296.022,a:,t,an-rExt
ligt,296.432,l,t,
is,296.802,I,s,
vers,296.982,v,s,vErs
De,300.874,d,@,
ontwerper,301.034,O,r,Ont-wEr-p@r
die,301.814,d,i,di
de,301.964,d,@,d@
koningin,302.074,k,n,ko-nI-NIn
kleding,302.664,k,N,kle-dIN
verkoopt,303.094,v,p,
is,303.564,I,s,
erg,303.728988662132,E,x,Erx
creatief,304.134,k,f,kre-ja-tif
Mijn,300.874,m,n,
gebakken,301.224,x,@,x@-bA-k@
ei,301.694,Ei,Ei,K
dat,302.074,d,t,dAt
een,302.314,e:,n,en
kapotte,302.424,k,@,
dooier,302.924,d,r,do-j@r
had,303.264,h,t,
was,303.584,w,s,wAs
heerlijk,303.784,h,k,her-l@k
Er,300.874,E,r,
waren,301.114,w,@,wa-r@
veel,301.454,v,l,vel
artsen,301.728988662132,A,s,
in,302.034,I,n,In
de,302.234,d,@,d@
stad,302.334,s,t,stAt
vanwege,302.764,v,@,vAn-we-G@
een,303.194,e:,n,en
belangrijke,303.374,b,@,
bespreking,303.984,b,N,b@-spre-kIN
over,304.654,o:,r,o-v@r
chirurgie,304.974,S,i,Si-r}r-Gi
Oma,300.874,o:,a:,
gaat,301.294,x,a:,
nog,301.474,n,x,
steeds,301.694,s,s,stets
iedere,302.168988662132,i,@,
donderdag,302.574,d,x,dOn-d@r-dAx
naar,303.174,n,r,nar
de,303.374,d,d,d@
kerk,303.454,k,k,kErk
voor,303.804,v,r,vor
de,303.924,d,@,d@
ochtendmis,304.024,O,s,
is,300.874,I,s,
verkoopt,301.464,v,t,
de,302.254,d,@,d@
erg,302.654,E,x,Erx
ontwerper,303.294,O,r,Ont-wEr-p@r
kleding,304.234,k,N,kle-dIN
koningin,305.034,k,n,ko-nI-NIn
creatief,305.894,k,f,kre-ja-tif
die,306.714,d,i,di
de,307.154,d,@,d@
dat,300.874,d,t,dAt
een,301.434,e:,n,en
had,301.944,h,t,
mijn,302.464,m,n,mKn
was,303.044,w,s,wAs
heerlijk,303.584,h,k,her-l@k
dooier,304.214,d,r,do-j@r
ei,304.984,Ei,Ei,K
kapotte,305.414,k,@,
gebakken,306.224,x,@,x@-bA-k@
veel,300.874,v,l,vel
vanwege,301.614,v,@,vAn-we-G@
stad,302.434,s,t,stAt
een,303.194,e:,n,en
over,303.794,o:,r,o-v@r
in,304.424,I,n,In
er,304.904,E,r,Er
de,305.344,d,@,d@
waren,305.694,w,@,wa-r@
chirurgie,306.344,S,i,Si-r}r-Gi
bespreking,307.174,b,N,b@-spre-kIN
artsen,308.124,A,@,
belangrijke,308.764,b,@,
de,300.874,d,@,d@
iedere,301.384,i,@,
de,301.974,d,@,d@
naar,302.434,n,r,nar
steeds,303.324,s,s,stets
donderdag,304.124,d,x,dOn-d@r-dAx
oma,304.974,o:,a:,o-ma
nog,305.674,n,x,
gaat,306.294,x,t,
kerk,306.924,k,k,kErk
ochtendmis,307.564,O,s,
voor,308.644,v,r,vor
Maandag,308.106,m,x,
heeft,308.656,h,f,heft
de,308.956,d,@,d@
aardige,309.076,a:,@,
docent,309.516,d,n,do-sEnt
die,310.016,d,i,di
de,310.196,d,@,d@
scholier,310.316,s,r,sxo-lir
onderwijst,310.836,O,t,
een,311.536,e:,n,en
vrije,311.666,v,@,
dag,312.196,d,x,dAx
Ton,308.106,t,n,
die,308.636,d,i,di
dit,308.846,d,I,dIt
prachtige,309.056,p,@,
paradijs,309.636,p,s,pa-ra-dKs
had,310.166,h,t,
ontdekt,310.356,O,k,
wilde,310.796,w,@,wIl-d@
het,311.316,@,t,@t
verborgen,311.496,v,@,v@r-bOr-G@
houden,312.016,h,@,hM-d@
De,308.106,d,@,
lachwekkende,308.246,l,@,
clowns,308.896,k,s,
vermaken,309.356,v,@,v@r-ma-k@
met,309.946,m,t,mEt
talloze,310.206,t,@,
dwaasheden,310.716,d,@,
het,311.376,@,t,@t
laaiend,311.526,l,n,la-j@nt
enthousiaste,311.986,E,@,
publiek,312.696,p,k,py-blik
Na,308.106,n,a:,
afloop,308.456,A,p,Af-lop
van,308.886,v,n,vAn
het,309.026,@,t,@t
gezellige,309.136,x,@,
feest,309.746,f,t,fest
bellen,310.396,b,@,bE-l@
de,310.686,d,@,d@
vrolijke,310.836,v,@,
dames,311.376,d,s,
een,311.836,e:,n,en
taxi,311.996,t,i,tAk-si
heeft,308.106,h,t,heft
onderwijst,309.076,O,t,
aardige,310.116,a:,@,
maandag,310.926,m,x,man-dAx
docent,311.696,d,t,do-sEnt
de,312.566,d,@,d@
die,313.026,d,i,di
dag,313.456,d,x,dAx
een,313.966,e:,n,en
de,314.526,d,@,d@
scholier,314.926,s,r,sxo-lir
vrije,315.816,v,@,
wilde,308.106,w,@,wIl-d@
had,308.776,h,t,
houden,309.266,h,@,hM-d@
verborgen,310.046,v,@,v@r-bOr-G@
paradijs,310.946,p,s,pa-ra-dKs
dit,311.876,d,t,dIt
die,312.346,d,i,di
ontdekt,312.796,O,k,
Ton,313.296,t,n,
prachtige,313.966,p,@,
het,314.846,@,t,@t
lachwekkende,308.106,l,@,
laaiend,309.146,l,t,la-j@nt
met,309.906,m,t,mEt
de,310.496,d,@,d@
het,310.896,@,t,@t
vermaken,311.466,v,@,v@r-ma-k@
dwaasheden,312.306,d,@,
publiek,313.266,p,k,py-blik
clowns,313.946,k,s,
talloze,314.646,t,@,
enthousiaste,315.436,E,@,
bellen,308.106,b,@,bE-l@
vrolijke,308.896,v,@,
na,309.706,n,a:,na
van,310.356,v,n,vAn
een,310.916,e:,N,en
het,311.446,@,t,@t
taxi,311.986,t,i,tAk-si
feest,313.036,f,t,fest
afloop,313.636,A,p,Af-lop
dames,314.316,n,s,
gezellige,315.036,x,@,
de,315.926,d,@,d@
zijn,317.752,z,n,zKn
die,318.502,d,i,di
winst,318.952,w,t,wInst
zijn,319.632,z,n,zKn
hoog,320.272,h,x,hox
verkoper,320.892,v,r,v@r-ko-p@r
vlotte,321.872,v,@,
erg,322.522,E,x,Erx
producten,323.042,p,@,
de,323.882,d,@,d@
vanwege,324.392,v,@,vAn-we-G@
babbel,325.302,b,l,bA-b@l
van,326.042,v,n,vAn
over,326.552,o:,r,o-v@r
is,327.282,I,s,
uitslag,331.348,ui,x,Lt-slAx
assistent,332.138,A,t,A-si-stEnt
de,333.098,d,@,d@
kreeg,333.478,k,x,
de,333.858,d,@,d@
behandelde,334.108,b,@,
week,335.388,w,k,wek
vorige,336.148,v,@,
tanden,336.858,t,@,tAn-d@
die,337.488,d,i,di
bruine,337.948,b,@,
de,338.628,d,@,d@
steelt,342.66,s,t,
groenteboer,343.56,x,r,xrun-t@-bur
de,344.56,d,@,d@
fruit,345.03,f,t,frLt
bedelaar,345.77,b,r,be-d@-lar
van,346.82,v,n,vAn
lompen,347.38,l,@,lOm-p@
in,348.09,I,n,In
gehulde,348.54,x,@,
de,349.45,d,@,d@
jaar,353.828,j,r,jar
een,354.578,e:,n,en
was,355.068,w,s,wAs
drie,355.708,d,i,dri
Hawaii,356.208,h,j,
overwinning,357.028,o:,N,o-v@r-wI-nIN
in,357.938,I,n,In
derde,358.438,d,@,dEr-d@
het,359.108,@,t,@t
tijd,359.658,t,t,tKt
prachtige,360.218,p,@,
op,361.128,O,p,Op
sporthal,364.94,s,l,spOrt-hAl
bij,365.84,b,Ei,
van,366.46,v,n,vAn
talrijke,366.9,t,@,
opening,367.76,o:,N,o-p@-nIN
een,368.53,e:,n,en
de,369.11,d,@,d@
de,369.53,d,@,d@
kregen,370.05,k,@,
consumptie,370.74,k,i,kOn-s}mp-si
bezoekers,371.72,b,s,
nieuwe,372.69,n,@,
de,373.34,d,@,d@
De,379.818,d,@,
arts,380.128,A,s,Arts
die,380.538,d,i,di
de,380.678,d,@,d@
vieze,380.828,v,@,
bandage,381.178,b,@,bAn-da-Z@
verschoonde,381.788,v,@,
trok,382.398,t,k,
eerst,382.688,e:,t,
plastic,383.048,p,k,plEs-tIk
handschoenen,383.498,h,@,
aan,384.052988662131,a:,n,an
Mijn,379.818,m,n,
aardige,380.128,a:,@,
collega,380.608,k,a:,kO-le-Ga
die,381.318,d,i,di
ingedeeld,381.498,I,t,
was,382.008,w,s,wAs
in,382.218,I,n,In
de,382.388,d,@,d@
vroege,382.488,v,@,
dienst,382.828,d,t,dinst
ging,383.288,x,N,
weg,383.538,w,x,wEx
Niet,379.818,n,t,
alle,380.188,A,@,A-l@
pillen,380.508,p,@,pI-l@
en,380.728,E,m,En
blauwe,381.008,b,@,
poeders,381.358,p,s,
kunnen,381.898,k,@,k}-n@
zonder,382.158,z,r,zOn-d@r
meer,382.498,m,r,mer
worden,382.788,w,@,wOr-d@
ingevoerd,383.038,I,t,IN-G@-vurt
Zijn,379.818,z,n,
houding,380.168,h,N,hM-dIN
lijkt,380.618,l,k,
hem,380.898,h,m,hEm
vanaf,381.088,v,f,vAn-Af
het,381.438,@,t,@t
vroege,381.638,v,@,
begin,381.968,b,n,b@-GIn
te,382.448,t,@,t@
zijn,382.588,z,n,zKn
ingegeven,382.852988662132,I,@,
trok,379.818,t,k,
de,380.318,d,@,d@
aan,380.798,a:,n,an
arts,381.268,A,s,Arts
plastic,381.898,p,k,plEs-tIk
bandage,382.618,b,@,bAn-da-Z@
de,383.508,d,@,d@
die,383.938,d,i,di
handschoenen,384.358,h,@,
vieze,385.388,v,@,
verschoonde,385.978,v,@,
eerst,386.928,e:,t,
ingedeeld,379.818,I,t,
weg,380.698,w,x,wEx
mijn,381.308,m,n,mKn
was,381.998,w,s,wAs
vroege,382.518,v,@,
aardige,383.148,a:,@,
die,383.898,d,i,di
in,384.308,I,n,In
collega,384.828,k,a:,kO-le-Ga
dienst,385.668,d,s,dinst
de,386.308,d,@,d@
ging,386.798,x,N,
ingevoerd,379.818,I,t,IN-G@-vurt
en,380.858,E,n,En
blauwe,381.438,b,@,
meer,382.068,m,r,mer
zonder,382.628,z,r,zOn-d@r
poeders,383.368,p,s,
niet,384.028,n,t,nit
worden,384.548,w,@,wOr-d@
kunnen,385.128,k,@,k}-n@
pillen,385.658,p,@,pI-l@
alle,386.178,A,@,A-l@
hem,379.818,h,m,hEm
zijn,380.468,z,n,zKn
vanaf,381.258,v,f,vAn-Af
ingegeven,381.998,I,@,
zijn,383.028,z,n,zKn
te,383.698,t,@,t@
houding,384.058,h,N,hM-dIN
begin,384.778,b,n,b@-GIn
lijkt,385.498,l,k,
vroege,386.148,v,@,
het,386.838,@,t,@t
Tijdens,389.58,t,s,
de,390,d,@,d@
vliegreis,390.15,v,s,vliG-rKs
mocht,390.81,m,t,
het,391.14,@,t,@t
jongetje,391.27,j,@,
bij,391.83,b,Ei,
de,392,d,d,d@
ervaren,392.03,E,@,Er-va-r@
piloot,392.66,p,t,pi-lot
in,393.24,I,n,In
de,393.34,d,@,d@
cockpit,393.45,k,t,kOk-pIt
kijken,393.92,k,@,kK-k@
Zijn,398.15,z,n,
opa,398.58,o:,a:,o-pa
die,398.98,d,i,di
doorgaans,399.19,d,s,dor-Gans
borrels,399.75,b,s,
drinkt,400.1,d,k,
is,400.48,I,s,
tegen,400.64,t,@,te-G@
een,400.94,e:,n,en
boom,401.13,b,m,bom
aan,401.41,a:,n,an
gereden,401.58,x,@,
De,405.434,d,@,
basketballers,405.614,b,s,
werden,406.434,w,@,
vanaf,406.764,v,f,vAn-Af
de,407.084,d,@,d@
kleine,407.164,k,@,klK-n@
tribune,407.594,t,@,tri-by-n@
begeleid,408.104,b,t,
door,408.628988662132,d,r,dor
hun,408.754,h,n,h}n
coach,408.944,k,S,kotS
en,409.334,E,n,En
trainer,409.524,t,r,tre-n@r
in,413.982,I,n,In
het,414.172,@,t,@t
sprookje,414.322,s,@,sprok-j@
zit,414.972,z,t,zIt
de,415.152,d,@,d@
koning,415.282,k,N,ko-nIN
altijd,415.732,A,t,Al-tKt
op,416.202,O,p,Op
zijn,416.352,z,n,zKn
gouden,416.572,x,@,xM-d@
troon,416.952,t,n,tron
te,417.322,t,@,t@
niksen,417.442,n,@,nIk-s@
de,424.904,d,@,d@
betaalde,425.344,b,@,
lachte,426.214,l,@,
dronkaard,426.854,d,t,drONk-art
de,427.744,d,@,d@
viel,428.154,v,l,
manke,428.724,m,@,
toen,429.384,t,n,tun
kruk,429.854,k,k,kr}k
die,430.464,d,i,di
om,430.894,O,m,Om
barkeeper,431.404,b,r,bAr-ki-p@r
de,432.334,d,@,d@
oma,436.758,o:,a:,o-ma
van,437.488,v,n,vAn
toonden,438.108,t,@,
breken,438.788,b,@,bre-k@
weinig,439.588,w,x,wK-n@x
de,440.278,d,@,d@
na,440.758,n,a:,na
kinderen,441.298,k,@,kIn-d@-r@
het,442.008,@,t,@t
vaas,442.588,v,s,vas
antieke,443.218,A,@,
berouw,443.988,b,w,b@-rMw
hun,444.718,h,n,h}n
de,445.338,d,@,d@
aan,445.818,a:,n,an
op,450.244,O,p,Op
scholier,450.604,s,r,sxo-lir
maandag,451.454,m,x,man-dAx
gelegd,452.154,x,t,
de,452.964,d,@,d@
heeft,453.414,h,t,heft
de,454.084,d,@,d@
die,454.534,d,i,di
treitert,454.934,t,t,
punaises,455.704,p,s,
meester,456.654,m,r,mes-t@r
stoel,457.564,s,l,stul
de,458.254,d,@,d@
alweer,458.744,A,r,Al-wer
gingen,465.226,x,@,
bediende,465.946,b,@,b@-din-d@
die,466.716,d,i,di
open,467.146,o:,@,o-p@
wegliep,467.746,w,p,
barkeeper,468.496,b,r,bAr-ki-p@r
klant,469.426,k,t,klAnt
de,470.016,d,@,d@
irritante,470.336,I,@,
de,471.306,d,@,d@
de,471.716,d,@,d@
toen,472.096,t,n,tun
deuren,472.586,d,@,
door,476.85,d,r,dor
bij,477.56,b,Ei,
helaas,477.9,h,s,he-las
personeel,478.79,p,l,pEr-so-nel
directeur,479.66,d,r,di-rEk-t|r
machtige,480.69,m,@,
de,481.49,d,@,d@
zijn,481.9,z,n,zKn
dreef,482.47,d,f,dref
zin,483.19,z,n,zIn
zijn,483.82,z,n,zKn
De,489.872,d,@,
employee,489.972,E,e:,
die,490.722,d,i,di
de,490.862,d,@,d@
ontsnapte,490.932,O,@,
dieven,491.552,d,@,di-v@
beschrijft,491.842,b,t,
is,492.412,I,s,
erg,492.592,E,x,Erx
nauwkeurig,492.956988662132,n,x,nMw-k|-r@x
De,489.872,d,@,
leerling,490.032,l,N,ler-lIN
die,490.462,d,i,di
werd,490.602,w,t,
verhoord,490.902,v,t,
had,491.422,h,t,
de,491.612,d,@,d@
vermiste,491.742,v,@,v@r-mIs-t@
decaan,492.312,d,n,de-kan
vermoord,492.782,v,t,
De,489.872,d,@,
Keukenhof,490.072,k,f,
wordt,490.766988662132,w,t,
jaarlijks,491.012,j,s,jar-l@ks
druk,491.492,d,k,
bezocht,491.752,b,t,b@-zOxt
door,492.262,d,r,dor
buitenlandse,492.442,b,@,
toeristen,493.102,t,@,
met,493.622,m,t,mEt
dure,493.862,d,@,
fotocamera's,494.162,f,s,
Vandaar,489.872,v,r,
dat,490.662,d,t,dAt
kippen,490.856988662132,k,@,kI-p@
zich,491.222,z,x,zIx
op,491.442,O,p,Op
hun,491.602,h,n,h}n
magere,491.762,m,@,
pootjes,492.312,p,s,
staande,492.742,s,@,stan-d@
houden,493.252,h,@,hM-d@
erg,489.872,E,x,Erx
de,490.602,d,@,d@
nauwkeurig,491.052,n,x,nMw-k|-r@x
die,492.112,d,i,di
beschrijft,492.562,b,f,
dieven,493.522,d,@,di-v@
employee,494.152,E,e:,
de,495.052,d,@,d@
is,495.512,I,s,
ontsnapte,496.042,O,@,
vermoord,489.872,v,t,
vermiste,490.862,v,@,v@r-mIs-t@
de,491.702,d,@,d@
had,492.102,h,t,
leerling,492.702,l,N,ler-lIN
werd,493.512,w,t,
die,494.152,d,i,di
verhoord,494.702,v,t,
decaan,495.602,n,n,de-kan
de,496.432,d,@,d@
met,489.872,m,t,mEt
door,490.512,d,r,dor
Keukenhof,490.882,k,f,
druk,491.872,d,k,
dure,492.492,d,@,
jaarlijks,493.132,j,s,jar-l@ks
bezocht,493.962,b,t,b@-zOxt
fotocamera's,494.862,f,s,
toeristen,495.792,t,@,
de,496.902,d,@,d@
wordt,497.332,w,t,
buitenlandse,497.952,b,@,
zich,489.872,z,x,zIx
magere,490.542,m,@,
houden,491.302,h,@,hM-d@
op,491.992,O,p,Op
staande,492.522,s,@,stan-d@
dat,493.402,d,t,dAt
vandaar,493.942,v,r,vAn-dar
pootjes,494.722,p,s,
kippen,495.482,k,@,kI-p@
hun,496.082,h,n,h}n
De,497.324,d,@,
agent,497.444,a:,n,a-GEnt
die,497.964,d,i,di
de,498.124,d,@,d@
snelste,498.244,s,@,
was,498.774,w,s,wAs
had,499.014,h,t,
de,499.274,d,@,d@
naakte,499.414,n,@,
kraker,499.824,k,r,kra-k@r
gearresteerd,500.334,x,t,
Zijn,497.324,z,n,
opa,497.754,o:,a:,o-pa
die,498.154,d,i,di
doorgaans,498.364,d,s,dor-Gans
borrels,498.924,b,s,
drinkt,499.274,d,k,
is,499.654,I,s,
tegen,499.814,t,@,te-G@
een,500.114,e:,n,en
boom,500.304,b,m,bom
aan,500.584,a:,n,an
gereden,500.754,x,@,
Hij,497.324,h,Ei,
maakte,497.514,m,@,
de,497.964,d,@,d@
verstandige,498.094,v,@,
keuze,498.764,k,@,k|-z@
om,499.194,O,m,Om
vlug,499.364,v,x,vl}x
naar,499.604,n,r,nar
huis,499.864,h,s,hLs
te,500.104,t,@,t@
vertrekken,500.214,v,@,v@r-trE-k@
in,497.324,I,n,In
die,497.554,d,i,di
vrijstaande,497.724,v,@,
boerderij,498.384,b,Ei,bur-d@-rK
met,498.964,m,t,mEt
royale,499.144,r,@,
achtertuin,499.688988662132,A,n,Ax-t@r-tLn
wonen,500.474,w,@,wo-n@
de,500.844,d,@,d@
kennissen,500.984,k,@,
van,501.514,v,n,vAn
mijn,501.674,m,n,mKn
schoonzus,501.864,s,s,sxon-z}s
naakte,497.324,n,@,
de,498.114,d,@,d@
gearresteerd,498.554,x,t,
agent,499.804,a:,n,a-GEnt
had,500.454,h,t,
die,501.114,d,i,di
de,501.554,d,@,d@
was,502.024,w,s,wAs
snelste,502.714,s,@,
kraker,503.554,k,r,kra-k@r
de,504.404,d,@,d@
boom,497.324,b,m,bom
doorgaans,497.884,d,s,dor-Gans
een,498.744,e:,n,en
gereden,499.224,x,@,
borrels,500.064,b,s,
zijn,500.804,z,n,zKn
drinkt,501.384,d,t,
die,501.984,d,i,di
tegen,502.364,t,@,te-G@
aan,503.064,a:,n,an
is,503.574,I,s,
opa,504.104,o:,a:,o-pa
huis,497.324,h,s,hLs
vlug,498.104,v,x,vl}x
hij,498.564,h,Ei,
vertrekken,499.204,v,@,v@r-trE-k@
keuze,499.964,k,@,k|-z@
de,500.634,d,@,d@
maakte,501.034,m,@,
verstandige,501.764,v,@,
om,502.734,O,m,Om
naar,503.174,n,r,nar
te,503.844,t,@,t@
de,497.324,d,@,d@
van,497.854,v,n,vAn
kennissen,498.404,k,@,
boerderij,499.144,b,Ei,bur-d@-rK
mijn,500.034,m,n,mKn
die,500.594,d,i,di
wonen,501.034,w,@,wo-n@
achtertuin,501.714,A,n,Ax-t@r-tLn
met,502.694,m,t,mEt
schoonzus,503.384,s,s,sxon-z}s
vrijstaande,504.434,v,@,
in,505.554,I,n,In
royale,506.074,r,@,
Ik,504.796,I,k,
kom,504.996,k,m,kOm
net,505.216,n,t,nEt
terug,505.476,t,x,t@-r}x
uit,505.906,ui,t,Lt
de,506.046,d,d,d@
heropende,506.096,E,@,
dierentuin,506.856,d,n,di-r@-tLn
in,507.446,I,n,In
Amsterdam,507.626,A,m,
Het,512.236,@,t,
nieuwe,512.456,n,@,
project,512.766,p,k,pro-jEkt
dat,513.296,d,t,dAt
veel,513.576,v,l,vel
geld,513.796,x,t,xElt
kost,514.090988662132,k,s,kOst
lijkt,514.416,l,k,
in,514.766,I,n,In
het,514.876,@,t,@t
water,515.006,w,r,wa-t@r
te,515.456,t,@,t@
vallen,515.556,v,@,vA-l@
Mijn,520.03,m,n,
vriendin,520.33,v,n,vrin-dIn
Mona,520.82,m,a:,
is,521.284988662131,I,s,
gek,521.47,x,k,xEk
op,521.7,O,p,Op
jongens,521.87,j,s,
die,522.3,d,i,di
gemixte,522.48,x,@,
drankjes,523.01,d,s,
kopen,523.41,k,@,ko-p@
voor,523.83,v,r,vor
haar,524.03,h,r,har
De,520.03,d,@,
beschermheer,520.2,b,r,b@-sxErm-her
van,520.98,v,n,vAn
Delhi,521.2,d,i,
die,521.72,d,i,di
de,521.86,d,@,d@
heilige,521.96,h,@,
tempel,522.43,t,l,tEm-p@l
bouwde,522.84,b,@,
is,523.37,I,s,
gestorven,523.564988662131,x,@,
in,520.03,I,n,In
het,520.22,@,t,@t
sprookje,520.37,s,@,sprok-j@
zit,521.02,z,t,zIt
de,521.2,d,@,d@
koning,521.33,k,N,ko-nIN
altijd,521.78,A,t,Al-tKt
op,522.25,O,p,Op
zijn,522.4,z,n,zKn
gouden,522.62,x,@,xM-d@
troon,523,t,n,tron
te,523.37,t,@,t@
niksen,523.49,n,@,nIk-s@
Er,520.03,E,r,
komt,520.32,k,t,
een,520.59,e:,n,en
nationaal,520.69,n,l,nA-tSo-nal
bestuur,521.25,b,r,b@-styr
om,521.88,O,m,Om
de,521.99,d,@,d@
bureaucratie,522.11,b,i,by-ro-kra-tsi
te,522.89,t,@,t@
bestrijden,523.05,b,@,b@-strK-d@
op,520.03,O,p,Op
gek,520.52,x,k,xEk
haar,520.94,h,r,har
kopen,521.69,k,@,ko-p@
Mona,522.32,m,a:,
mijn,522.96,m,n,mKn
is,523.68,I,s,
jongens,524.24,j,s,
vriendin,525.1,v,n,vrin-dIn
drankjes,525.87,d,s,
gemixte,526.67,x,@,
die,527.49,d,i,di
voor,528.01,v,r,vor
van,520.03,v,n,vAn
heilige,520.54,h,@,
de,521.58,d,@,d@
gestorven,521.96,x,@,
Delhi,522.87,n,i,
is,523.51,I,s,
bouwde,524.02,b,@,
tempel,524.69,t,l,tEm-p@l
beschermheer,525.33,b,r,b@-sxErm-her
de,526.49,d,@,d@
die,526.89,d,i,di
niksen,520.03,n,@,nIk-s@
te,520.81,t,@,t@
de,521.29,d,@,d@
in,521.71,I,n,In
sprookje,522.24,s,@,sprok-j@
het,523.14,@,t,@t
zijn,523.59,z,n,zKn
zit,524.24,z,t,zIt
op,524.77,O,p,Op
altijd,525.12,A,t,Al-tKt
troon,525.88,t,n,tron
koning,526.46,k,N,ko-nIN
gouden,527.16,x,@,xM-d@
te,520.03,t,@,t@
om,520.48,O,m,Om
komt,520.93,k,t,
bestrijden,521.49,b,@,b@-strK-d@
bestuur,522.43,b,r,b@-styr
er,523.33,E,r,Er
bureaucratie,523.84,b,i,by-ro-kra-tsi
nationaal,524.86,n,a:,nA-tSo-nal
de,525.78,d,@,d@
een,526.22,e:,n,en
is,530.074,I,s,
wil,530.654,w,l,wIl
de,531.254,d,@,d@
boterham,531.704,b,m,bo-t@r-hAm
meisje,532.584,m,@,mKs-j@
verwend,533.404,v,t,v@r-wEnt
pindakaas,534.254,p,s,pIn-da-kas
dat,535.254,d,t,dAt
zonder,535.884,z,r,zOn-d@r
die,536.744,d,i,di
mensen,540.826,m,@,
het,541.736,@,t,@t
naaktlopers,542.246,n,s,
koud,543.296,k,t,kMt
Haagse,543.816,h,@,hax-s@
het,544.626,@,t,@t
de,545.086,d,@,d@
hebben,545.526,h,@,hE-b@
bordeel,546.176,b,l,bOr-del
in,546.946,I,n,In
vermaken,547.606,v,@,v@r-ma-k@
de,548.516,d,@,d@
die,549.006,d,i,di
erg,553.52,E,x,Erx
heeft,554.14,h,t,heft
docent,555.15,d,t,do-sEnt
om,555.98,O,m,Om
te,556.43,t,@,t@
rustige,556.89,r,@,
les,557.75,l,s,lEs
aan,558.46,a:,n,an
jaar,559.03,j,r,jar
dit,559.69,d,t,dIt
klas,560.19,k,s,klAs
een,560.86,e:,N,en
de,561.51,d,@,d@
geven,561.95,x,@,xe-v@
aardige,562.68,a:,@,
spits,566.752,s,s,spIts
de,567.632,d,@,d@
gemist,568.072,x,t,
trainer,568.842,t,r,tre-n@r
de,569.622,d,@,d@
die,570.072,d,i,di
cruciale,570.512,k,@,
had,571.452,h,t,
opstelde,571.962,O,@,
training,572.802,t,N,tre-nIN
een,573.602,e:,n,en
eigenaar,577.846,Ei,r,K-G@-nar
eerste,578.726,e:,@,er-st@
de,579.486,d,@,d@
die,579.926,d,i,di
oudere,580.346,Au,@,
knipoogde,580.936,k,@,
de,581.796,d,@,d@
van,582.276,v,n,vAn
ontving,582.786,O,N,
bezoekers,583.536,b,s,
broer,584.436,b,r,brur
de,585.236,d,@,d@
Anke,591.692,A,@,
geeft,592.092,x,f,
de,592.322,d,@,d@
groene,592.502,x,@,
plant,592.892,p,t,plAnt
wat,593.182,w,t,
water,593.372,w,r,wa-t@r
met,593.772,m,t,mEt
een,593.982,e:,n,en
gieter,594.082,x,r,xi-t@r
De,598.366,d,@,
hevige,598.566,h,@,
bliksem,599.066,b,m,blIk-s@m
die,599.566,d,i,di
een,599.726,e:,n,en
kilometer,599.876,k,r,ki-lo-me-t@r
verder,600.506,v,r,vEr-d@r
insloeg,600.866,I,x,
zorgde,601.416,z,@,
voor,601.756,v,r,vor
brand,601.986,b,t,brAnt
Overtreders,605.812,o:,s,
van,606.682,v,n,vAn
de,606.892,d,@,d@
wet,607.032,w,t,
kunnen,607.462,k,@,k}-n@
hier,607.722,h,r,hir
rekenen,607.992,r,@,re-k@-n@
op,608.452,O,p,Op
een,608.672,e:,n,en
eerlijk,608.792,e:,k,er-l@k
proces,609.162,p,s,pro-sEs
met,609.786988662132,m,t,mEt
een,610.102,e:,n,en
onpartijdige,610.232,O,@,
rechter,611.342,r,r,rEx-t@r
Tot,615.84,t,t,
ergernis,616.11,E,s,Er-G@r-nIs
van,616.64,v,n,vAn
de,616.85,d,@,d@
strenge,616.95,s,@,
beheerder,617.36,b,r,b@-her-d@r
gooien,617.96,x,@,xo-j@
de,618.25,d,@,d@
tieners,618.39,t,s,
rotzooi,618.79,r,j,rOt-soj
op,619.26,O,p,Op
het,619.42,@,t,@t
terrein,619.51,t,n,tE-rKn
Wanneer,623.528,w,r,
krijgt,624.028,k,t,
die,624.308,d,i,di
lakse,624.478,l,@,
puber,624.918,p,r,py-b@r
nu,625.218,n,y,ny
eindelijk,625.378,Ei,k,Kn-d@-l@k
eens,625.808,e:,s,ens
zijn,626.028,z,n,zKn
diploma,626.228,d,a:,di-plo-ma
boer,633.094,b,r,bur
niet,633.774,n,t,nit
kleine,634.324,k,@,klK-n@
die,635.074,d,i,di
serieus,635.584,s,s,se-ri-j|s
ik,636.574,I,k,Ik
voert,637.094,v,t,
biggetje,637.784,b,@,
de,638.524,d,@,d@
neem,638.954,n,m,
het,639.584,@,t,@t
feest,643.57,f,t,fest
inhuurde,644.35,I,@,
onlangs,645.13,O,s,On-lANs
populaire,645.93,p,@,
de,646.93,d,@,d@
die,647.32,d,i,di
jongeman,647.74,j,n,jO-N@-mAn
portier,648.52,p,r,pOr-tir
een,649.4,e:,n,en
gaf,650.01,x,f,
de,650.63,d,@,d@
groot,651.1,x,t,xrot
lachwekkende,655.528,l,@,
laaiend,656.568,l,t,la-j@nt
met,657.328,m,t,mEt
de,657.918,d,@,d@
het,658.318,@,t,@t
vermaken,658.888,v,@,v@r-ma-k@
dwaasheden,659.728,d,@,
publiek,660.688,p,k,py-blik
clowns,661.368,k,s,
talloze,662.068,t,@,
enthousiaste,662.858,E,@,
wrede,669.624,w,@,
wanhopig,670.454,w,x,wAn-ho-p@x
dichter,671.404,d,r,dIx-t@r
de,672.144,d,@,d@
lezer,672.684,l,r,
de,673.424,d,@,d@
vreest,673.854,v,s,
vergeten,674.744,v,@,v@r-Ge-t@
die,675.604,d,i,di
is,676.004,I,s,
oom,679.846,o:,m,
onzekere,680.356,O,@,
die,681.286,d,i,di
mijn,681.766,m,n,mKn
moest,682.446,m,t,
knappe,683.076,k,@,
uitnodigde,684.016,ui,@,
blondine,684.996,b,@,blOn-di-n@
de,685.836,d,@,d@
lachen,686.256,l,@,lA-x@
Henk,686.896,h,k,
Op,692.728,O,p,
zijn,692.958,z,n,zKn
werk,693.218,w,k,wErk
drinkt,693.618,d,k,
Peter,693.958,p,r,
heel,694.308,h,l,hel
wat,694.438,w,t,
koffie,694.738,k,i,kO-fi
met,695.128,m,t,mEt
suiker,695.318,s,r,sL-k@r
Midden,700.08,m,@,
in,700.44,I,n,In
de,700.57,d,@,d@
stationshal,700.68,s,l,stA-tSOns-hAl
hangt,701.6,h,t,
een,701.94,e:,n,en
grote,702.04,x,@,
poster,702.43,p,r,pOs-t@r
met,702.92,m,t,mEt
een,703.14,e:,n,en
zilveren,703.28,z,@,zIl-v@-r@
lijst,703.79,l,t,lKst
Je,708.088,j,@,
haalt,708.318,a:,t,
zo,708.558,z,z,zo
het,708.648,@,t,@t
complete,708.968,k,@,
bouwsel,709.668,b,l,bMw-s@l
uit,710.198,ui,t,Lt
zijn,710.358,z,n,zKn
verband,710.668,v,t,v@r-bAnt
Tijdens,718.356,t,s,
de,718.776,d,@,d@
rumoerige,718.896,r,@,
bespreking,719.556,b,N,b@-spre-kIN
beslisten,720.426,b,@,
de,721.046,d,@,d@
leden,721.176,l,@,
de,721.646,d,@,d@
staking,721.776,s,N,sta-kIN
voort,722.426,v,t,
te,722.766,t,@,t@
zetten,722.896,z,@,zE-t@
De,726.974,d,@,
reus,727.164,r,s,r|s
die,727.634,d,i,di
de,727.824,d,@,d@
weg,727.924,w,x,wEx
wees,728.164,w,s,wes
aan,728.464,a:,n,an
een,728.704,e:,n,en
kleine,728.824,k,@,klK-n@
dwerg,729.274,d,x,dwErx
had,729.634,h,t,
een,729.924,e:,n,en
knuppel,730.044,k,l,kn}-p@l
vond,736.328,v,t,vOnt
een,737.078,e:,n,en
net,737.668,n,t,nEt
ketting,738.258,k,N,kE-tIN
dressoir,738.878,d,r,drE-swar
had,739.558,h,t,
het,740.308,@,t,@t
Martine,740.848,m,@,
glimmende,741.708,x,@,
gepoetst,742.608,x,t,
die,743.528,d,i,di
gouden,743.938,x,@,xM-d@
tegen,748.092,t,@,te-G@
getale,748.892,x,@,
gemaakt,749.582,x,k,x@-makt
daar,750.602,n,r,dar
hebben,751.312,h,@,hE-b@
groten,752.012,x,@,
bezwaar,752.852,b,r,b@-zwar
in,753.682,I,n,In
lezers,754.272,l,s,
had,758.486,h,t,
flinke,759.096,f,@,
het,759.946,@,t,@t
griep,760.486,x,p,xrip
zieke,760.986,z,@,
koorts,761.626,k,s,korts
de,762.336,d,@,d@
door,762.796,d,r,dor
meisje,763.436,m,@,mKs-j@
kwam,767.81,k,m,
zijn,768.45,z,n,zKn
van,769.19,v,n,vAn
gulden,769.71,x,@,x}l-d@
niet,770.52,n,t,nit
vierhonderd,771.18,v,t,vir-hOn-d@rt
van,772.3,v,n,vAn
student,772.87,s,t,sty-dEnt
beurs,773.7,b,s,b|rs
rond,774.36,r,n,rOnt
karige,774.95,k,@,
de,775.78,d,@,d@
die,780.288,d,i,di
door,780.778,d,r,dor
gebeuren,780.878,x,@,x@-b|-r@
bochten,782.338,b,@,
veel,783.128,v,l,vel
Griekenland,783.718,x,n,
ongelukken,784.628,O,@,
in,785.468,I,n,In
scherpe,786.298,s,@,
voorkomen,787.248,v,@,vor-ko-m@
heel,788.148,h,l,hel
Afgelopen,794.584,A,@,
maand,795.174,m,t,mant
kreeg,795.714,k,x,
de,796.034,d,@,d@
gewonde,796.154,x,@,x@-wOn-d@
die,796.774,d,i,di
een,796.894,e:,n,en
bekende,797.024,b,@,b@-kEn-d@
paragnost,797.494,p,s,pa-ra-GnOst
inschakelde,798.194,I,@,
vele,799.044,v,@,
complicaties,799.334,k,s,
Mijn,794.584,m,n,
broer,794.894,b,r,brur
Hans,795.194,h,s,
die,795.694,d,i,di
de,795.874,d,@,d@
milde,795.974,m,@,
pastoor,796.354,p,r,pAs-tor
zijn,796.994,z,n,zKn
vele,797.244,v,@,
zonden,797.594,z,n,
opbiechtte,797.934,O,@,
huilde,798.884,h,@,
Onder,794.584,O,r,
de,794.954,d,@,d@
eeuwenoude,795.104,e:,@,
eik,795.804,Ei,k,Kk
in,796.114,I,n,In
de,796.264,d,@,d@
tuin,796.394,t,n,tLn
bloeien,796.844,b,@,blu-j@
de,797.264,d,@,d@
witte,797.424,w,@,
tulpen,797.724,t,@,
volop,798.164,v,p,vOl-Op
gewonde,794.584,x,@,x@-wOn-d@
de,795.434,d,@,d@
die,795.874,d,i,di
kreeg,796.274,k,x,
afgelopen,796.904,A,@,Af-x@-lo-p@
vele,797.844,v,@,
inschakelde,798.444,I,@,
maand,799.554,m,t,mant
paragnost,800.254,p,t,pa-ra-GnOst
complicaties,801.164,k,s,
bekende,802.354,b,@,b@-kEn-d@
een,803.164,e:,n,en
Hans,794.584,h,s,
vele,795.294,v,@,
zijn,796.104,z,n,zKn
de,796.754,d,@,d@
opbiechtte,797.204,O,@,
zonden,798.074,z,@,
pastoor,798.804,p,r,pAs-tor
broer,799.674,b,r,brur
milde,800.364,m,@,
mijn,801.084,m,n,mKn
huilde,801.644,h,@,
die,802.384,d,i,di
eeuwenoude,794.584,e:,@,
in,795.704,I,n,In
eik,796.614,Ei,k,Kk
de,797.254,d,@,d@
onder,797.664,O,r,On-d@r
witte,798.494,w,@,
de,799.114,d,@,d@
bloeien,799.634,b,@,blu-j@
tuin,800.304,t,n,tLn
volop,801.034,v,p,vOl-Op
tulpen,801.644,t,@,
de,802.364,d,@,d@
Joke,806.34,d,k,
die,806.7,d,i,di
de,807.04,d,@,d@
Spaanse,807.3,s,@,
tamboerijn,807.85,t,n,tAm-bu-rKn
speelt,808.48,s,l,
staat,808.91,s,t,stat
het,809.35,@,t,@t
liefst,809.47,l,s,lifst
vooraan,809.8,v,n,vor-an
De,806.34,d,@,
erg,806.56,E,x,Erx
botte,806.9,b,@,
bioloog,807.27,b,x,bi-jo-lox
die,807.93,d,i,di
erg,808.07,E,x,Erx
kwaad,808.32,k,t,kwat
keek,808.67,k,k,
bukte,808.97,b,@,
en,809.5,E,n,En
viel,809.68,v,l,
De,806.34,d,@,
schildwacht,806.48,s,t,sxIld-wAxt
stond,807.13,s,n,stOnt
uren,807.4,y,@,
bij,807.82,b,Ei,
de,808,d,@,d@
poort,808.11,p,t,port
van,808.5,v,n,vAn
een,808.65,e:,n,en
vervallen,808.79,v,@,v@r-vA-l@
kasteel,809.28,k,l,kAs-tel
op,809.68,O,b,Op
de,809.9,d,@,d@
uitkijk,810.1,ui,k,Lt-kKk
De,806.34,d,@,
winst,806.57,w,t,wInst
van,807.01,v,n,vAn
die,807.19,d,i,di
verkoper,807.33,v,r,v@r-ko-p@r
is,807.98,I,s,
erg,808.11,E,x,Erx
hoog,808.41,h,x,hox
vanwege,808.91,v,@,vAn-we-G@
zijn,809.32,z,n,zKn
vlotte,809.56,v,@,
babbel,809.93,b,l,bA-b@l
over,810.14,o:,r,o-v@r
zijn,810.53,z,n,zKn
producten,810.79,p,@,
staat,806.34,s,t,stat
speelt,807.08,s,t,
Spaanse,807.74,s,@,
liefst,808.61,l,t,lifst
tamboerijn,809.24,t,n,tAm-bu-rKn
Joke,810.09,d,k,
het,810.76,@,t,@t
vooraan,811.32,v,n,vor-an
de,811.98,d,@,d@
die,812.46,d,i,di
keek,806.34,k,k,
viel,807.06,v,l,
kwaad,807.56,k,t,kwat
bioloog,808.15,b,x,bi-jo-lox
de,808.83,d,@,d@
bukte,809.26,b,@,
die,809.88,d,i,di
erg,810.34,E,x,Erx
botte,810.89,b,@,
erg,811.51,E,x,Erx
en,812.3,E,n,En
de,806.34,d,@,d@
stond,806.86,s,t,stOnt
van,807.59,v,n,vAn
op,808.11,O,p,Op
uren,808.5,y,@,
een,809.12,e:,n,en
de,809.64,d,@,d@
schildwacht,810.05,s,t,sxIld-wAxt
bij,810.99,b,Ei,
uitkijk,811.51,ui,k,Lt-kKk
kasteel,812.26,k,l,kAs-tel
poort,813.01,p,t,port
vervallen,813.6,v,@,v@r-vA-l@
de,814.31,d,@,d@
zijn,806.34,z,n,zKn
die,807.09,d,i,di
winst,807.54,w,t,wInst
zijn,808.22,z,n,zKn
hoog,808.86,h,x,hox
verkoper,809.48,v,r,v@r-ko-p@r
vlotte,810.46,v,@,
erg,811.11,E,x,Erx
producten,811.63,p,@,
de,812.47,d,@,d@
vanwege,812.98,v,@,vAn-we-G@
babbel,813.89,b,l,bA-b@l
van,814.63,v,n,vAn
over,815.14,o:,r,o-v@r
is,815.87,I,s,
Kinderen,816.268,k,@,
in,816.828,I,I,In
China,816.888,S,a:,
naaien,817.348,n,@,na-j@
goedkope,817.808,x,@,
kleren,818.428,k,@,kle-r@
voor,819.028,v,r,vor
westerse,819.228,w,@,
consumenten,819.798,k,@,
Het,824.948,@,t,
volleybalteam,825.158,v,m,
won,826.158,w,n,
met,826.338,m,t,mEt
de,826.608,d,@,d@
eerste,826.732988662131,e:,@,er-st@
plaats,827.148,p,s,plats
een,827.658,e:,n,en
grote,827.788,x,@,
beker,828.238,b,r,be-k@r
gevuld,828.678,x,l,x@-v}lt
met,829.148,m,t,mEt
champagne,829.308,S,@,SAm-pAn-j@
Toen,833.692,t,n,
de,833.912,d,@,d@
choreograaf,834.002,x,f,xo-re-jo-Graf
die,834.952,d,i,di
de,835.062,d,@,d@
trage,835.202,t,@,
danser,835.662,d,r,dAn-s@r
uitschold,836.012,ui,l,
de,836.472,d,@,d@
reden,836.652,r,@,
hoorde,836.962,h,@,
schrok,837.462,s,k,sxrOk
hij,837.782,h,Ei,
klopte,843.534,k,@,
zwarte,844.294,z,@,
in,845.124,I,n,In
asbak,845.724,A,k,Az-bAk
tabak,846.404,t,k,ta-bAk
de,846.994,d,@,d@
pijp,847.504,p,p,pKp
opa,848.024,o:,a:,o-pa
de,848.684,d,@,d@
zijn,849.134,z,n,zKn
uit,849.794,ui,t,Lt
vannacht,854.376,v,t,vA-nAxt
een,855.256,e:,n,en
had,855.846,h,t,
angstige,856.376,A,@,
Floor,857.236,f,r,
slangen,857.976,s,@,
droom,858.786,d,m,drom
hele,859.396,h,@,
over,860.096,o:,r,o-v@r
de,864.93,d,@,d@
die,865.46,d,i,di
pijn,865.86,p,n,pKn
week,866.35,w,k,wek
kreeg,866.95,k,x,
bangerik,867.58,b,k,bA-N@-rIk
de,868.27,d,@,d@
inschakelde,868.73,I,@,
heftige,869.75,h,@,
vorige,870.78,v,@,
tandarts,871.5,t,s,tAnd-Arts
zielige,872.49,z,@,
en,876.868,E,n,En
Spanje,877.568,s,@,
de,878.318,d,@,d@
is,878.788,I,s,
stranden,879.318,s,@,strAn-d@
in,880.118,I,n,In
erg,880.898,E,x,Erx
vanwege,881.508,v,@,vAn-we-G@
klimaat,882.308,k,t,kli-mat
prachtige,883.138,p,@,
het,884.018,@,t,@t
trek,884.468,t,k,
gunstige,885.078,x,@,
nog,889.982,n,x,
gekeurd,890.632,x,t,
toestel,891.352,t,l,tu-stEl
worden,892.042,w,@,wOr-d@
dat,892.672,d,t,dAt
versleten,893.182,v,@,v@r-sle-t@
aardig,894.112,a:,x,ar-d@x
moet,894.772,m,t,
goed,895.262,x,t,xut
draait,895.832,d,t,
het,896.542,@,t,@t
De,902.92,d,@,
hond,903.14,O,n,hOnt
kwam,903.38,k,m,
aanlopen,903.704988662131,a:,@,an-lo-p@
met,904.29,m,t,mEt
een,904.53,e:,n,en
plastic,904.67,p,k,plEs-tIk
diadeem,905.2,d,m,di-ja-dem
in,905.85,I,n,In
zijn,906,z,n,zKn
bek,906.26,b,k,
Het,914.428,@,t,
behoorlijk,914.678,b,k,b@-hor-l@k
stugge,915.268,s,@,
diafragma,915.648,d,a:,di-ja-frAG-ma
dat,916.578,d,t,dAt
buikholte,916.848,b,@,bLk-hOl-t@
en,917.502988662132,E,n,En
borstholte,917.698,b,@,bOrst-hOl-t@
scheidt,918.318,s,t,
is,918.788,I,s,
erg,919.018,E,x,Erx
belangrijk,919.278,b,k,b@-lAN-rKk
Hij,914.428,h,Ei,
die,914.868,d,i,di
niet,915.028,n,t,nit
wil,915.228,w,l,wIl
luisteren,915.428,l,@,lLs-t@-r@
moet,915.968,m,t,
nu,916.168,n,y,ny
op,916.468,O,b,Op
dikke,916.568,d,@,
blaren,916.868,b,@,bla-r@
zitten,917.258,z,@,zI-t@
Halverwege,914.428,h,@,
de,915.218,d,@,d@
spannende,915.338,s,@,
wedstrijd,915.948,w,t,wEt-strKt
houden,916.588,h,@,hM-d@
de,917.038,d,@,d@
agenten,917.198,a:,@,
een,917.778,e:,n,en
aantal,917.958,a:,l,an-tAl
vechtende,918.428,v,@,
pubers,918.998,p,s,
aan,919.488,a:,n,an
De,914.428,d,@,
waarzegster,914.608,w,r,war-zEx-st@r
voorspelde,915.478,v,@,
mijn,916.018,m,n,mKn
bijgelovige,916.298,b,@,
tante,917.088,t,@,tAn-t@
de,917.618,d,@,d@
toekomst,917.818,t,t,tu-kOmst
met,918.398,m,t,mEt
een,918.638,e:,N,en
glazen,918.768,x,@,xla-z@
bol,919.268,b,l,bOl
stugge,914.428,s,@,
is,915.248,I,s,
scheidt,915.978,s,t,
diafragma,916.728,d,a:,di-ja-frAG-ma
het,917.708,@,t,@t
en,918.218,E,n,En
belangrijk,918.898,b,k,b@-lAN-rKk
buikholte,919.818,b,@,bLk-hOl-t@
borstholte,920.798,b,@,bOrst-hOl-t@
erg,921.878,E,x,Erx
dat,922.598,d,t,dAt
behoorlijk,923.108,b,k,b@-hor-l@k
luisteren,914.428,l,@,lLs-t@-r@
op,915.268,O,p,Op
niet,915.588,n,t,nit
nu,916.218,n,y,ny
dikke,916.658,d,@,
wil,917.198,w,l,wIl
die,917.728,d,i,di
hij,918.158,h,Ei,
zitten,918.728,z,@,zI-t@
blaren,919.378,b,@,bla-r@
moet,920.108,m,t,
wedstrijd,914.428,w,t,wEt-strKt
aan,915.418,a:,n,an
houden,915.928,h,@,hM-d@
agenten,916.648,a:,@,
vechtende,917.468,v,@,
een,918.318,e:,n,en
de,918.878,d,@,d@
aantal,919.328,a:,l,an-tAl
de,920.048,d,@,d@
spannende,920.548,s,@,
pubers,921.398,p,s,
halverwege,922.058,h,@,hAl-v@r-we-G@
toekomst,914.428,t,s,tu-kOmst
bol,915.068,b,l,bOl
met,915.648,m,t,mEt
glazen,916.198,x,@,xla-z@
waarzegster,916.988,w,r,war-zEx-st@r
tante,917.958,t,@,tAn-t@
mijn,918.558,m,n,mKn
een,919.138,e:,n,en
voorspelde,919.678,v,@,
bijgelovige,920.658,b,@,
de,921.758,d,@,d@
de,922.188,d,@,d@
Ook,926.204,o:,k,
de,926.404,d,@,d@
vermoeide,926.514,v,@,
troepen,927.024,t,@,
in,927.394,I,n,In
het,927.574,@,t,@t
gebied,927.744,x,t,x@-bit
werden,928.094,w,@,
nog,928.404,n,x,
verder,928.628988662132,v,r,vEr-d@r
uitgebreid,929.024,ui,t,Lt-x@-brKt
In,935.546,I,n,
de,935.786,d,@,d@
winkel,935.906,w,l,wIN-k@l
die,936.306,d,i,di
ik,936.486,I,k,Ik
zag,936.646,z,x,
werden,937.046,w,@,
hippe,937.396,h,@,
brillen,937.716,b,@,brI-l@
verkocht,938.046,v,t,
Vanwege,935.546,v,@,
het,936.276,@,t,@t
stormachtige,936.386,s,@,
weer,937.236,w,r,wer
spelen,937.596,s,@,spe-l@
meerdere,937.986,m,@,
teams,938.466,t,s,
in,938.816,I,n,In
een,939.006,e:,n,en
sporthal,939.136,s,l,spOrt-hAl
Vader,935.546,v,r,
zit,936.086,z,t,zIt
altijd,936.316,A,t,Al-tKt
aan,936.756,a:,n,an
het,936.906,@,t,@t
hoofd,937.036,h,t,hoft
van,937.426,v,n,vAn
de,937.586,d,@,d@
rechte,937.686,r,@,
tafel,938.066,t,l,ta-f@l
tijdens,938.666,t,s,tK-d@ns
het,938.986,@,t,@t
avondeten,939.156,a:,@,a-vOnd-e-t@
die,935.546,d,i,di
verkocht,936.156,v,t,
zag,937.016,z,x,
winkel,937.596,w,l,wIN-k@l
hippe,938.256,h,@,
in,938.816,I,n,In
de,939.246,d,@,d@
werden,939.656,w,@,
brillen,940.236,b,@,brI-l@
ik,940.836,I,k,Ik
een,935.546,e:,n,en
weer,936.176,w,r,wer
spelen,936.816,s,@,spe-l@
stormachtige,937.646,s,@,
vanwege,938.786,v,@,vAn-we-G@
sporthal,939.696,s,l,spOrt-hAl
teams,940.636,t,s,
meerdere,941.286,m,@,
het,942.126,@,t,@t
in,942.656,I,n,In
van,935.546,v,n,vAn
aan,936.226,a:,n,an
vader,936.906,v,r,va-d@r
rechte,937.696,r,@,
hoofd,938.396,h,t,hoft
avondeten,939.056,a:,@,a-vOnd-e-t@
de,940.066,d,@,d@
het,940.586,@,t,@t
altijd,941.146,A,t,Al-tKt
tafel,941.926,t,l,ta-f@l
het,942.706,@,t,@t
zit,943.316,z,t,zIt
tijdens,943.876,t,s,tK-d@ns
Soms,942.626,s,s,
hebben,943.076,h,b,hE-b@
we,943.276,w,@,w@
alle,943.586,A,@,A-l@
vertrouwen,943.910988662131,v,@,v@r-trM-w@
in,944.520988662131,I,n,In
de,944.686,d,@,d@
Nederlandse,944.786,n,@,ne-d@r-lAnt-s@
politiek,945.496,p,k,po-li-tik
verloren,946.136,v,@,v@r-lo-r@
gasten,952.642,x,@,
was,953.372,w,s,wAs
zeer,953.962,z,r,zer
de,954.612,d,@,d@
vertrokken,955.142,v,@,
omdat,955.942,O,t,Om-dAt
bediende,956.612,b,@,b@-din-d@
onbeleefd,957.382,O,t,Om-b@-left
de,958.312,d,@,d@
lakse,958.732,l,@,
examinator,962.63,E,r,Ek-sa-mi-na-tOr
de,963.97,d,@,d@
imponerend,964.38,I,t,
vandaag,965.53,v,x,vAn-dax
kandidaat,966.28,k,t,kAn-di-dat
overtuigt,967.3,o:,t,
erg,968.26,E,x,Erx
laatste,968.85,l,@,
die,969.62,d,i,di
de,970.16,d,@,d@
is,970.57,I,s,
niet,975.188,n,t,nit
op,975.948,O,p,Op
verzekerd,976.478,v,t,v@r-ze-k@rt
tandem,977.448,t,m,tEn-d@m
niet,978.218,n,t,nit
die,978.778,d,i,di
was,979.278,w,s,wAs
ver,979.938,v,r,vEr
gammele,980.498,x,@,
kwamen,981.188,k,@,
de,981.878,d,@,d@
we,982.288,w,@,w@
vrije,988.75,v,@,
mijn,989.61,m,n,mKn
tijd,990.2,t,t,tKt
graag,990.76,x,h,xrax
boeken,991.37,b,@,bu-k@
lees,991.93,l,s,
in,992.68,I,n,In
mooie,993.12,m,@,
ik,993.89,I,k,Ik
eeuwenoude,997.656,e:,@,
in,998.776,I,n,In
eik,999.686,Ei,k,Kk
de,1000.326,d,@,d@
onder,1000.736,O,r,On-d@r
witte,1001.566,w,@,
de,1002.186,d,@,d@
bloeien,1002.706,b,@,blu-j@
tuin,1003.376,t,n,tLn
volop,1004.106,v,p,vOl-Op
tulpen,1004.716,t,@,
de,1005.436,d,@,d@
Katten,1013.842,k,@,
die,1014.332,d,i,di
continu,1014.522,k,y,kOn-ti-ny
plukjes,1015.152,p,s,
haar,1015.512,h,r,har
verliezen,1015.852,v,@,v@r-li-z@
kunnen,1016.332,k,@,k}-n@
een,1016.642,e:,n,en
tekort,1016.762,t,t,t@-kOrt
aan,1017.222,a:,n,an
vitamine,1017.422,v,@,vi-ta-mi-n@
hebben,1018.012,h,@,hE-b@
Het,1025.782,@,t,
verloofde,1026.012,v,@,v@r-lov-d@
koppel,1026.602,k,l,kO-p@l
bekijkt,1027.052,b,k,
de,1027.502,d,@,d@
locatie,1027.562,l,i,lo-ka-tsi
voor,1028.252,v,r,vor
hun,1028.432,h,n,h}n
bruiloft,1028.622,b,t,brL-lOft
in,1029.112,I,n,In
juni,1029.302,j,i,jy-ni
Vorig,1033.084,v,x,
jaar,1033.614,j,r,jar
zijn,1034.014,z,n,zKn
deze,1034.254,d,@,de-z@
dertig,1034.584,d,x,dEr-t@x
dossiers,1035.024,d,s,
allemaal,1035.674,A,a:,A-l@-mal
aan,1036.184,a:,n,an
elkaar,1036.334,E,r,El-kar
gekoppeld,1036.734,x,t,x@-kO-p@lt
Na,1041.366,n,a:,
het,1041.676,@,t,@t
uitvallen,1041.786,ui,@,Lt-fA-l@
van,1042.356,v,n,vAn
de,1042.546,d,@,d@
elektriciteit,1042.606,e:,t,e-lEk-tri-si-tKt
verlichtte,1043.586,v,@,
Carolien,1044.136,k,@,
haar,1044.656,h,r,har
gezellige,1044.876,x,@,
terras,1045.386,t,s,tE-rAs
met,1045.796,m,t,mEt
kaarsen,1046.026,k,s,
en,1046.386,E,n,En
lampionnen,1046.546,l,@,
Sinds,1051.076,s,s,
Dorien's,1051.506,d,s,
tante,1051.986,t,@,tAn-t@
hier,1052.346,h,r,hir
op,1052.616,O,b,Op
bezoek,1052.716,b,k,b@-zuk
was,1053.076,w,s,wAs
is,1053.506,I,z,
er,1053.666,E,r,Er
veel,1053.856,v,l,vel
veranderd,1054.086,v,t,
keek,1060.612,k,k,
gebruikte,1061.312,x,@,
ik,1062.262,I,k,Ik
grote,1062.812,x,@,
naar,1063.532,n,r,nar
voor,1064.282,v,r,vor
het,1064.862,@,t,@t
broer,1065.362,b,r,brur
takken,1066.102,t,@,tA-k@
die,1066.682,d,i,di
mijn,1067.172,m,n,mKn
de,1067.812,d,@,d@
vuur,1068.282,v,r,vyr
een,1072.8,e:,n,en
alleen,1073.35,A,n,A-len
krijgt,1074,k,t,
taaie,1074.67,t,@,ta-j@
de,1075.34,d,@,d@
een,1075.78,e:,n,en
op,1076.31,O,p,Op
doorzet,1076.79,d,t,
rij,1077.66,r,Ei,
die,1078.33,d,i,di
plekje,1078.75,p,@,
echte,1079.38,E,@,
eerste,1080.05,e:,@,er-st@
Inge,1083.966,I,@,
over,1084.386,o:,r,o-v@r
karaf,1084.986,k,f,ka-rAf
dineetje,1085.716,d,@,
het,1086.486,@,t,@t
de,1086.976,d,@,d@
kristal,1087.266,k,l,krIs-tAl
wijn,1088.076,w,n,wKn
in,1088.616,I,n,In
goot,1089.036,x,t,xot
een,1089.596,e:,n,en
chique,1090.056,S,e:,
van,1090.766,v,n,vAn
voor,1091.256,v,r,vor
had,1095.41,h,t,
wedstrijd,1096.01,w,t,wEt-strKt
won,1096.85,w,n,
gebruikt,1097.39,x,k,
gladde,1098.21,x,@,
de,1098.86,d,@,d@
die,1099.25,d,i,di
Agaat,1099.68,a:,t,
tante,1100.39,t,@,tAn-t@
pieren,1100.97,p,@,pi-r@
mijn,1102.62,m,n,mKn
plaatste,1109.002,p,@,
zocht,1109.792,z,t,
drummer,1110.402,d,r,dr}-m@r
een,1111.132,e:,n,en
die,1111.672,d,i,di
advertentie,1112.242,A,i,At-f@r-tEn-si
een,1113.222,e:,n,en
de,1113.752,d,@,d@
band,1114.272,b,t,bAnt
snelle,1114.932,s,@,
De,1121.154,d,@,
gevaarlijke,1121.304,x,@,
overvallers,1122.004,o:,s,
nemen,1122.814,n,@,ne-m@
met,1123.164,m,t,mEt
een,1123.394,e:,n,en
handvol,1123.524,h,l,hAnt-fOl
diamanten,1124.054,d,@,di-ja-mAn-t@
geen,1124.784,x,n,xen
genoegen,1125.034,x,@,x@-nu-G@
De,1129.56,d,@,
zuster,1129.76,z,r,z}s-t@r
die,1130.35,d,i,di
de,1130.5,d,@,d@
aan,1130.64,a:,n,an
tuberculose,1130.85,t,@,ty-bEr-ky-lo-z@
lijdende,1131.72,l,@,
bejaarde,1132.25,b,@,b@-jar-d@
wast,1132.76,w,t,
is,1133.21,I,s,
zorgzaam,1133.37,z,m,zOrx-sam
Vandaag,1129.56,v,x,
is,1130.22,I,s,
de,1130.44,d,@,d@
gevatte,1130.55,x,@,
brunette,1131.04,b,@,bry-nE-t@
die,1131.73,d,i,di
de,1131.86,d,@,d@
zangeres,1132.01,z,s,zA-N@-rEs
beoordeelt,1132.59,b,t,
erg,1133.23,E,x,Erx
partijdig,1133.57,p,x,pAr-tK-d@x
Groeperingen,1129.56,x,@,
binnen,1130.46,b,@,bI-n@
de,1130.74,d,@,d@
kerk,1130.87,k,k,kErk
bestrijden,1131.34,b,@,b@-strK-d@
zijn,1131.92,z,n,zKn
grote,1132.17,x,@,
bekendheid,1132.53,b,t,b@-kEnt-hKt
en,1133.23,E,n,En
macht,1133.43,m,t,mAxt
Vele,1129.56,v,@,
duizenden,1130.1,d,@,
bezoekers,1130.63,b,s,
uit,1131.30498866213,ui,t,Lt
de,1131.48,d,@,d@
hele,1131.61,h,@,
wereld,1131.96,w,t,we-r@lt
komen,1132.46,k,@,ko-m@
naar,1132.78,n,r,nar
het,1133.03,@,t,@t
popconcert,1133.16,p,t,pOp-kOn-sErt
tuberculose,1129.56,t,@,ty-bEr-ky-lo-z@
die,1130.72,d,i,di
zuster,1131.2,z,r,z}s-t@r
is,1132.18,I,s,
wast,1132.66,w,t,
aan,1133.31,a:,n,an
zorgzaam,1133.95,z,m,zOrx-sam
bejaarde,1134.93,b,@,b@-jar-d@
de,1135.79,d,@,d@
lijdende,1136.24,l,@,
de,1137.13,d,@,d@
de,1129.56,d,@,d@
die,1130.17,d,i,di
vandaag,1130.63,v,h,vAn-dax
zangeres,1131.45,z,s,zA-N@-rEs
brunette,1132.31,b,@,bry-nE-t@
erg,1133.11,E,x,Erx
gevatte,1133.71,x,@,
de,1134.51,d,@,d@
partijdig,1134.98,p,x,pAr-tK-d@x
is,1135.88,I,s,
beoordeelt,1136.41,b,t,
de,1129.56,d,@,d@
en,1130.06,E,n,En
zijn,1130.59,z,n,zKn
bestrijden,1131.44,b,@,b@-strK-d@
kerk,1132.42,k,k,kErk
groeperingen,1132.99,x,@,
macht,1134.05,m,t,mAxt
bekendheid,1134.7,b,t,b@-kEnt-hKt
grote,1135.66,x,@,
binnen,1136.4,b,@,bI-n@
uit,1129.56,ui,t,Lt
popconcert,1130.13,p,t,pOp-kOn-sErt
bezoekers,1131.1,b,s,
duizenden,1131.93,d,@,
vele,1132.89,v,@,
hele,1133.37,h,@,
het,1134.29,@,t,@t
naar,1134.85,n,r,nar
de,1135.64,d,@,d@
komen,1136.09,k,@,ko-m@
wereld,1136.73,w,t,we-r@lt
Moeder,1138.362,m,r,
keek,1138.722,k,k,
boos,1139.012,b,s,bos
naar,1139.112,n,r,nar
de,1139.382,d,@,d@
kleuter,1139.692,k,r,kl|-t@r
die,1140.292,d,i,di
een,1140.412,e:,n,en
flinke,1140.532,f,@,
pruillip,1141.012,p,p,prL-lIp
trok,1141.532,t,k,
Gisteren,1147.638,x,@,
had,1148.358,h,t,
de,1148.558,d,@,d@
aannemer,1148.71298866213,a:,r,a-ne-m@r
die,1149.338,d,i,di
de,1149.448,d,@,d@
bejaarde,1149.588,b,@,b@-jar-d@
bewoner,1150.128,b,r,b@-wo-n@r
matste,1150.598,m,@,
een,1151.17298866213,e:,n,en
goed,1151.348,x,t,xut
humeur,1151.568,h,r,hy-m|r
Het,1147.638,@,t,
houten,1147.868,h,@,hM-t@
bureau,1148.248,b,o:,by-ro
dat,1148.668,d,t,dAt
knullig,1148.868,k,x,kn}-l@x
in,1149.278,I,n,In
elkaar,1149.418,E,r,El-kar
gezet,1149.838,x,t,x@-zEt
was,1150.138,w,s,wAs
viel,1150.478,v,l,
ineen,1150.788,I,n,In-en
De,1147.638,d,@,
schilder,1147.828,s,r,sxIl-d@r
kleurde,1148.418,k,@,
de,1148.818,d,@,d@
details,1148.948,d,s,
in,1149.478,I,n,In
met,1149.818,m,t,mEt
een,1150.008,e:,n,en
klein,1150.198,k,n,klKn
penseel,1150.478,p,l,pEn-sel
van,1151.008,v,n,vAn
varkenshaar,1151.238,v,r,vAr-k@s-har
in,1147.638,I,n,In
Japan,1147.868,j,n,
en,1148.268,E,n,En
China,1148.428,S,a:,
komt,1148.818,k,t,
een,1149.138,e:,n,en
geringe,1149.268,x,@,
deflatie,1149.718,d,i,de-fla-tsi
op,1150.488,O,p,Op
gang,1150.638,x,N,xAN
matste,1147.638,m,@,
die,1148.528,d,i,di
had,1148.958,h,t,
de,1149.618,d,@,d@
goed,1150.138,x,t,xut
een,1150.628,e:,N,en
gisteren,1151.188,x,@,xIs-t@-r@
bewoner,1152.008,b,r,b@-wo-n@r
aannemer,1152.878,a:,r,a-ne-m@r
humeur,1153.758,h,r,hy-m|r
bejaarde,1154.018,b,@,b@-jar-d@
de,1155.468,d,@,d@
dat,1147.638,d,t,dAt
elkaar,1148.218,E,r,El-kar
bureau,1148.998,b,o:,by-ro
het,1149.648,@,t,@t
viel,1150.278,v,l,
gezet,1150.868,x,t,x@-zEt
was,1151.588,w,s,wAs
in,1152.128,I,n,In
ineen,1152.668,I,n,In-en
knullig,1153.398,k,x,kn}-l@x
houten,1154.188,h,@,hM-t@
van,1147.638,v,n,vAn
klein,1148.218,k,n,klKn
een,1148.788,e:,n,en
in,1149.428,I,n,In
met,1149.968,m,t,mEt
schilder,1150.498,s,r,sxIl-d@r
de,1151.218,d,@,d@
de,1151.678,d,@,d@
kleurde,1152.078,k,@,
penseel,1152.698,p,l,pEn-sel
varkenshaar,1153.498,v,r,vAr-k@s-har
details,1154.588,d,s,
Japan,1147.638,j,n,
een,1148.418,e:,n,en
komt,1148.898,k,t,
in,1149.438,I,n,In
en,1149.938,E,n,En
geringe,1150.488,x,@,
China,1151.308,S,a:,
deflatie,1151.928,d,i,de-fla-tsi
gang,1152.908,x,N,xAN
op,1153.438,O,p,Op
Het,1155.69,@,t,
besluit,1155.91,b,t,b@-slLt
gaat,1156.43,x,t,
over,1156.62,o:,r,o-v@r
de,1156.98,d,@,d@
voorgenomen,1157.11,v,@,vor-G@-no-m@
destructie,1157.75,d,i,dE-str}k-si
van,1158.48,v,n,vAn
de,1158.71,d,@,d@
kerncentrale,1158.82,k,@,kErn-sEn-tra-l@
in,1159.62,I,n,In
Dodewaard,1159.81,d,t,
de,1169.98,d,@,d@
mannen,1170.79,m,@,mA-n@
breekijzer,1171.42,b,r,brek-K-z@r
ideale,1172.42,i,@,
onmisbaar,1173.26,O,r,On-mIz-bar
het,1174.42,@,t,@t
dat,1175.01,d,t,dAt
in,1175.6,I,n,In
vele,1176.13,v,@,
is,1176.92,I,s,
voor,1177.55,v,r,vor
winkels,1178.13,w,s,
ligt,1179.02,l,t,
studenten,1186.628,s,@,
vandalisme,1187.708,v,@,vAn-da-lIs-m@
de,1188.638,d,@,d@
leveren,1189.068,l,@,le-v@-r@
toenemend,1189.748,t,n,tu-ne-m@nt
toespraak,1190.578,t,k,tu-sprak
de,1191.418,d,@,d@
van,1191.868,v,n,vAn
over,1192.378,o:,r,o-v@r
naar,1193.088,n,r,nar
boeiende,1193.768,b,@,
commentaar,1194.488,k,r,kO-mEn-tar
aanleiding,1195.468,a:,N,an-lK-dIN
meer,1200.158,m,r,mer
niet,1201.028,n,t,nit
veranderde,1201.658,v,@,
positie,1202.478,p,i,po-zi-tsi
vroegere,1203.338,v,@,
Griekenland,1204.068,x,n,
afhankelijke,1205.058,A,@,
het,1206.078,@,t,@t
de,1206.758,d,@,d@
past,1207.258,p,t,
ging,1211.096,x,N,
meer,1211.836,m,r,mer
zat,1212.556,z,t,zAt
Margriet,1213.176,m,t,
periode,1213.926,p,@,pe-ri-jo-d@
drukke,1214.826,d,@,
dan,1215.556,d,n,dAn
vakantie,1216.146,v,i,va-kAn-si
op,1217.036,O,p,Op
was,1217.436,w,s,wAs
die,1218.026,d,i,di
de,1218.466,d,@,d@
schreeuw,1222.87,s,w,sxrew
wilde,1223.7,w,@,wIl-d@
de,1224.37,d,@,d@
van,1224.86,v,n,vAn
de,1225.34,d,@,d@
uitbracht,1225.8,ui,t,
die,1226.6,d,i,di
schrok,1227,s,k,sxrOk
barbaar,1227.62,b,r,bAr-bar
zij,1228.43,z,Ei,zK
De,1234.854,d,@,
ervaren,1234.964,E,@,Er-va-r@
makelaars,1235.584,m,s,
die,1236.404,d,i,di
de,1236.574,d,@,d@
nieuwe,1236.674,n,@,
kopers,1237.034,k,s,
rondleiden,1237.484,r,@,rOnd-lK-d@
zijn,1238.214,z,n,zKn
gehaaid,1238.444,x,t,x@-hajt
Mijn,1234.854,m,n,
vriendin,1235.194,v,n,vrin-dIn
die,1235.744,d,i,di
de,1235.874,d,@,d@
pas,1236.014,p,s,pAs
overleden,1236.294,o:,@,o-v@r-le-d@
tennisser,1236.904,t,r,tE-n@-s@r
kende,1237.394,k,@,
ging,1237.844,x,N,
naar,1238.134,n,r,nar
de,1238.294,d,@,d@
begrafenis,1238.374,b,s,b@-Gra-f@-nIs
Tijdens,1234.854,t,s,
de,1235.274,d,@,d@
rumoerige,1235.394,r,@,
bespreking,1236.054,b,N,b@-spre-kIN
beslisten,1236.924,b,@,
de,1237.544,d,@,d@
leden,1237.674,l,@,
de,1238.144,d,@,d@
staking,1238.274,s,N,sta-kIN
voort,1238.924,v,t,
te,1239.264,t,@,t@
zetten,1239.394,z,@,zE-t@
Ivo,1234.854,i,o:,
kreeg,1235.274,k,x,
op,1235.544,O,p,Op
zijn,1235.724,z,n,zKn
werk,1235.894,w,k,wErk
een,1236.364,e:,n,en
strenge,1236.454,s,@,
berisping,1236.904,b,N,b@-rIs-pIN
van,1237.544,v,n,vAn
zijn,1237.714,z,n,zKn
baas,1237.924,b,s,bas
over,1238.244,o:,r,o-v@r
zijn,1238.564,z,n,zKn
slechte,1238.804,s,@,
advies,1239.294,A,s,At-fis
die,1234.854,d,i,di
zijn,1235.384,z,n,zKn
rondleiden,1235.944,r,@,rOnd-lK-d@
de,1236.844,d,@,d@
ervaren,1237.284,E,@,Er-va-r@
gehaaid,1238.104,x,t,x@-hajt
kopers,1238.874,k,s,
nieuwe,1239.714,n,@,
makelaars,1240.264,m,s,
de,1241.204,d,@,d@
de,1234.854,d,@,d@
ging,1235.374,x,N,
de,1236.054,d,@,d@
die,1236.504,d,i,di
kende,1236.974,k,@,
vriendin,1237.874,v,n,vrin-dIn
tennisser,1238.694,t,r,tE-n@-s@r
pas,1239.434,p,s,pAs
begrafenis,1240.004,b,s,b@-Gra-f@-nIs
overleden,1241.114,o:,@,o-v@r-le-d@
naar,1242.064,n,r,nar
mijn,1242.694,m,n,mKn
de,1234.854,d,@,d@
zetten,1235.484,z,@,zE-t@
staking,1236.154,s,N,sta-kIN
bespreking,1236.924,b,N,b@-spre-kIN
leden,1237.954,l,@,
beslisten,1238.604,b,@,
te,1239.564,t,@,t@
voort,1240.004,v,t,
de,1240.624,d,@,d@
tijdens,1241.064,t,s,tK-d@ns
rumoerige,1241.824,r,@,
de,1242.834,d,@,d@
Ivo,1234.854,i,o:,
van,1235.594,v,n,vAn
over,1236.164,o:,r,o-v@r
op,1236.864,O,p,Op
strenge,1237.254,s,@,
zijn,1238.104,z,n,zKn
advies,1238.714,A,s,At-fis
berisping,1239.464,b,N,b@-rIs-pIN
baas,1240.434,b,s,bas
werk,1241.064,w,k,wErk
slechte,1241.674,s,@,
zijn,1242.504,z,n,zKn
kreeg,1243.164,k,x,
een,1243.864,e:,n,en
zijn,1244.424,z,n,zKn
Vera,1242.814,v,a:,
die,1243.384,d,i,di
het,1243.594,@,t,@t
hondje,1243.744,O,@,hOnt-j@
wilde,1244.284,w,d,wIl-d@
aaien,1244.444,a:,@,a-j@
liet,1244.794,l,t,
de,1244.984,d,@,d@
jonge,1245.094,j,@,
puppy,1245.414,p,i,p}-pi
erg,1245.804,E,x,Erx
schrikken,1246.054,s,@,sxrI-k@
Het,1250.542,@,t,
meisje,1250.742,m,@,mKs-j@
moest,1251.342,m,t,
van,1251.672,v,n,vAn
haar,1251.852,a:,r,har
nieuwe,1251.992,n,@,
tandarts,1252.382,t,s,tAnd-Arts
een,1252.992,e:,n,en
beugel,1253.152,b,l,b|-G@l
tot,1253.632,t,t,
haar,1253.852,h,r,har
achttiende,1254.10698866213,A,@,Ax-tin-d@
De,1258.61,d,@,
pientere,1258.81,p,@,
dame,1259.4,d,@,da-m@
kreeg,1259.81,k,x,
een,1260.12,e:,n,en
prachtig,1260.26,p,x,prAx-t@x
boekje,1260.82,b,@,buk-j@
voor,1261.15,v,r,vor
haar,1261.35,h,r,har
verjaardag,1261.58,v,x,v@r-jar-dAx
Gisteren,1266.074,x,@,
had,1266.654,h,t,
de,1266.824,d,@,d@
brede,1266.984,b,@,
bodyguard,1267.364,b,t,bO-di-gArt
die,1267.93898866213,d,i,di
de,1268.064,d,@,d@
filmster,1268.214,f,r,fIlm-st@r
beschermde,1268.724,b,@,
een,1269.324,e:,n,en
vrije,1269.454,v,@,
dag,1269.794,d,x,dAx
Margriet,1266.074,m,t,
die,1266.71898866213,d,i,di
de,1266.924,d,@,d@
drukke,1267.054,d,@,
periode,1267.404,p,@,pe-ri-jo-d@
meer,1267.924,m,r,mer
dan,1268.164,d,n,dAn
zat,1268.334,z,t,zAt
was,1268.564,w,s,wAs
ging,1268.884,x,N,
op,1269.174,O,p,Op
vakantie,1269.314,v,i,va-kAn-si
Ook,1266.074,o:,k,
in,1266.344,I,n,In
Nederland,1266.494,n,n,ne-d@r-lAnt
staat,1266.984,s,t,stat
het,1267.334,@,t,@t
strenge,1267.484,s,@,
toezicht,1267.824,t,t,tu-zIxt
op,1268.234,O,p,Op
accountants,1268.404,A,s,
ter,1269.144,t,r,tEr
discussie,1269.384,d,i,dIs-k}-si
Alleen,1266.074,A,n,
in,1266.454,I,n,In
ons,1266.614,O,s,Ons
eigen,1266.794,Ei,@,K-G@
bedrijf,1267.154,b,f,b@-drKf
geldt,1267.624,x,l,
de,1267.874,d,@,d@
verlaging,1268.024,v,N,v@r-la-GIN
voor,1268.574,v,r,vor
reparaties,1268.714,r,s,
beschermde,1266.074,b,@,
de,1267.024,d,@,d@
die,1267.454,d,i,di
vrije,1267.974,v,@,
bodyguard,1268.634,b,t,bO-di-gArt
had,1269.514,h,t,
een,1270.074,e:,n,en
gisteren,1270.604,x,@,xIs-t@-r@
dag,1271.444,d,x,dAx
filmster,1272.004,f,r,fIlm-st@r
brede,1272.934,b,@,
de,1273.694,d,@,d@
ging,1266.074,x,N,
meer,1266.814,m,r,mer
zat,1267.534,z,t,zAt
Margriet,1268.154,m,t,
periode,1268.904,p,@,pe-ri-jo-d@
drukke,1269.804,d,@,
dan,1270.534,d,n,dAn
vakantie,1271.124,v,i,va-kAn-si
op,1272.014,O,p,Op
was,1272.414,w,s,wAs
die,1273.004,d,i,di
de,1273.444,d,@,d@
ter,1266.074,t,r,tEr
Nederland,1266.594,n,t,ne-d@r-lAnt
accountants,1267.484,A,s,
op,1268.454,O,p,Op
ook,1268.894,o:,k,ok
staat,1269.434,s,t,stat
toezicht,1270.144,t,t,tu-zIxt
discussie,1270.904,d,i,dIs-k}-si
in,1271.764,I,n,In
strenge,1272.254,s,@,
het,1273.084,@,t,@t
verlaging,1266.074,v,N,v@r-la-GIN
ons,1267.084,O,s,Ons
de,1267.714,d,@,d@
alleen,1268.114,A,n,A-len
bedrijf,1268.764,b,f,b@-drKf
eigen,1269.694,Ei,@,K-G@
voor,1270.444,v,r,vor
in,1271.094,I,n,In
reparaties,1271.604,r,s,
geldt,1272.794,x,t,
